CSD ID, lambda_force (eV)
ABEDIU,0.48711
ABEDOA,0.46882
ABUHEN,0.28133
ABUVOJ,0.69118
ACOSER,0.54317
ACULUH,0.12799
ADIQEK,0.58188
ADIQIO,0.61859
AFENAB,0.74435
AFIRUF,0.07923
AFUSAW,0.27728
AGABUI,0.37929
AGAGUK,0.11982
AGINOW,0.22152
AGIVAP,0.06327
AHAPEG01,0.25045
AHAQIM,0.15353
AHEDOJ,0.19187
AHERIO,0.17456
AHIWUL,0.61881
AHIXAS,1.19569
AHIXEW,13.72524
AHUMIC,0.27016
AJORAV,0.09743
AJORIA,0.36056
AJOSAW,0.08684
AKUCIU,0.28466
AKUCOA,0.26346
ALIYOL,0.39158
AMUHOG,0.42512
ANAGUT,0.206
ANUCUJ,0.58375
ANUDAQ,0.23194
ANUDEU,0.22235
ANUDIY,0.24742
ANUYEO,0.57344
APACEB,0.30771
APUVOY,0.75715
AQEDEH,0.18191
AQEQOE,0.24403
AQEQUK,0.19927
AQEYUS,0.1853
AQIJUH,0.30543
AQOREE,0.53106
AREDOS,0.31916
AREDUY,0.31697
ARIDIP,0.33063
ARIFEN,0.408
ARIFIR,0.55293
ASAWUO,0.36086
ASIWAB,0.43535
ASOTIJ,0.35319
ATINIC,0.2017
ATINUO,0.20213
ATISIH,0.31445
ATITII,0.50776
ATOQEG,0.30492
ATUKUW,0.20238
ATUXET,0.23296
AVIMEZ,0.21423
AVOVIQ,0.61217
AVUFON,0.64329
AWIQOO02,0.50266
AWOFUP01,0.31309
AWUQEQ,0.38229
AWURAN,0.41856
AXEFIT,0.13215
AXEFUF,0.14855
AXOTEN,1.09138
AYAMIX,0.71618
AYESOO,1.08414
AYUCAZ,0.46092
AYUDEE,0.27882
BAFGOE,0.10393
BAHYEP01,0.37921
BANHAZ,0.10792
BANYIZ,0.71408
BAQQIU,0.25157
BARNUE,0.26885
BARPAM01,0.31271
BARPEQ,0.3527
BARSOD,0.25088
BARVIA02,0.30018
BATNES,0.17181
BATNIW,0.28792
BATPET,0.528
BAZLOD,0.49989
BEBKOJ,0.40548
BEBKUP,0.73869
BECSAG,0.7968
BEDRIL01,0.41847
BEDVEN,0.11655
BEFDOI,0.27117
BEGLOQ,0.17955
BEHNEK,0.22492
BEKTUH,0.25533
BEKVAP,0.24156
BEKVET,0.26156
BELLOU,0.46782
BEPNAL,0.36712
BERZON,0.20958
BETKIV,0.38104
BETLAO,0.92314
BETSUO,0.35396
BEZYAH,0.2876
BEZYEL,0.59562
BEZYOV,0.58874
BIBZUJ03,0.25738
BIHKEL,0.20175
BIJHAG,0.31385
BIJMUF,0.43249
BIJYUR,0.4032
BILROF,0.22801
BILVUP,0.2372
BIZDAQ,0.35094
BIZLOM,0.38041
BOHMAP,0.27098
BOLPID,0.23291
BOMSOO,0.29828
BOMSUU,0.28915
BOPQEC,0.38592
BOPSEF,0.09272
BOPYEN,0.23632
BOWLAB,0.18951
BOWLEF,0.13366
BOWLIJ,0.39677
BUCMEU,0.40022
BUCVOM,0.65887
BUFFOY,1.24927
BUFJAP,0.28995
BUFXAE,0.27952
BUFXEI,0.27659
BUFXIM,0.2737
BUFXOS,0.25907
BUGGES,0.14596
BUJKOI,0.4821
BUNVAH01,0.35066
BUQWAN,0.1851
BURPUA,0.25163
BUSQIS,0.15825
BUSQOY,0.22927
BUSQUE,0.1735
BUTMAH,0.31682
BUVQOY,0.15968
BUVRAO,0.25556
BUWGEH,0.08706
BUXYAW,0.07768
BUYBII,0.18794
CABXEJ,0.30669
CADGIZ,1.71483
CADGOF,1.34328
CAGKEC,0.28992
CAGPEH,0.20064
CALLAF,0.3315
CAMCEA,0.22331
CANTHX10,0.3776
CARYAX,0.08991
CARYEB,0.11287
CARYIF,0.05861
CARYOL,0.12409
CARYUR,0.08376
CARZEC,0.13237
CARZOM,0.07913
CASLIS,0.32019
CAYWEF,0.36699
CEBSUZ,0.28227
CEDXOB,0.29904
CEGPEL,0.45328
CEHNAF,0.3245
CEPCAC,0.55753
CEPCEG,0.37217
CEQWON,0.17788
CEYCAK,1.13774
CEYJOF,0.20105
CEYLUP,0.81542
CFDAMZ,0.24943
CIBTOZ,0.19669
CIBZEU,3.74751
CIHBOM,0.29306
CIJKAJ,0.3347
CILHEK,0.24571
CIMVIG,0.25558
CINALZ,1.13467
CINNUK,0.51671
CINROJ,0.64469
CINRUP,0.65862
CIQBEK,0.16151
CIRLIB,0.66819
CISHAP,0.30065
CISJUM,0.39906
CITCIU,0.10582
CITCOA,0.07964
CITCUG,0.07186
CITDAN,0.09766
CITDER,0.11161
CITKIB,0.63342
CITKOH,0.52125
CITKUN,0.501
CIVZEP,0.14178
CIWLAY,0.16833
CIWLEC,0.17251
CIYWOY,0.36634
CIYWUE,0.92813
CLPMHT,0.52346
COBCUT,1.0433
COBDAA,1.36107
COGPIZ,0.72723
COGTIB,0.22168
COHSEA,0.46472
COKFIU,1.42189
COKFOA,0.97785
CONPOL,0.24431
CORWIS,0.27247
COSNII,0.3685
COZKUA,0.12908
CROCAL,0.32572
CUCGIT,0.28824
CUCSUR,0.15639
CUFCOY,0.10655
CUGMOJ,0.24
CUGMUP,0.24227
CUHBEO,0.43161
CUKJEX,0.11964
CUQLAE,0.40798
CURSEP,0.75186
CUSNAG,0.15133
CUSNEK,0.13704
CVITAC,0.34377
DABQUV,0.16751
DACDUJ,0.0777
DADSOR,0.15016
DADTAF,0.52012
DADTEJ,0.51245
DAHGEZ,0.72499
DAQGIM,0.10488
DASJAJ,0.36995
DAWJET,0.13483
DAWJIX,0.11879
DCANTX10,0.35672
DCAROT,0.36215
DEFMOR,0.37446
DEKDED,0.17633
DELJUA,0.12391
DELKAH,0.14555
DELKEL,0.14535
DELKIP,0.1392
DEMYUS,0.29036
DEMZAZ,0.31297
DEMZIH,0.32763
DEMZON,0.31415
DENKEP,0.44141
DEPFEM,0.14793
DERTEC,0.14768
DERTIG,0.16573
DEXJEY,0.57495
DEYSEH,0.33482
DIBANT,0.21463
DIDGUV,0.21828
DIGTUL,0.28044
DIHSOE,0.31218
DIHZUS,0.35532
DIMTEB,0.23839
DINDOW,0.26133
DINVUU,0.32491
DIRREB,0.32264
DIXGUP,0.54245
DIYTUC,0.24862
DOBTET,0.16508
DOKQOL,0.48439
DOKQUR,0.39741
DOKRAY,0.37531
DOMZIO,0.0944
DONBEP,1.48688
DONBIT,0.67108
DONBOZ,0.58941
DONBUF,0.39491
DONYAJ,0.32518
DOPWEM,0.97078
DOWCIC,0.81625
DOWSIU,0.29422
DPBUTR10,0.34844
DPHOCE,0.39157
DPINOL,0.41527
DSPPVB,0.1857
DUCDAI,0.40875
DUCLAQ,0.17314
DUFYIN,0.28285
DUHLAV,0.19993
DUHLID,0.14587
DULKOL,0.1274
DUMFOJ,0.36833
DUMFUP,0.30993
DUMGAW,0.36668
DUMGEA,0.33838
DUMGIE,0.31034
DUMHUR,0.17213
DUMPIN,0.39361
DUNKUV,0.33044
DUPBEY,0.21137
DUPRIP,0.50668
DUPROV02,0.3255
DUXLAM,0.28865
EBECOF,0.21467
EBEVOY,0.29521
EBEXUH,0.34816
EBOBON,0.38595
EBOREV,0.39407
EBOTAT,0.49932
ECAPUW,0.37248
ECIMAG,0.23816
ECIMEK,0.1508
ECOJUC,0.44535
EDAXEM,0.26809
EDOVUP,1.00348
EDOWAW,1.14821
EFAVOW,0.25486
EFIZEA,0.3624
EFUKAU,0.21635
EFUPEC,0.73567
EGALEE,0.43025
EGEXAR,0.35524
EGEXIZ,0.36772
EGIWOJ,0.1351
EGIZUP,0.31205
EGOVIF,0.32616
EGUQAZ,0.40115
EGUQED,0.30675
EJOBEL,0.69513
ELAYEX,0.94678
ELAYOH,0.95472
ELAZAU,0.93124
ELAZEY,0.94467
ELAZOI,0.95629
ELODAM,0.50347
ENIZEG,0.15864
ENOWEK,0.58901
EPANEQ02,0.23942
EPEWIH,0.1384
EPOCAP,0.35111
EPOFAS,0.31593
EPOHEY,0.74985
EQARUL,0.41932
EQASAS,0.41216
EQEPOG,0.25218
EROKAY,0.32908
ESIVOR01,0.25431
ESIWAE02,0.26912
ESIWUY,0.25983
ETGLAU01,0.2337
ETIHAQ,0.44756
EVAZAC,0.35692
EVOFEC,0.22874
EWEWAG,0.26493
EYILIJ,0.24869
EZAFOC,0.14602
EZAFUI,0.13397
EZAGET,0.12889
FAGQEM,0.17578
FAKBAU,0.11745
FAMWAR,0.22051
FAMXIC,0.61061
FANWIA10,0.3044
FAPXUS,0.37552
FARMIX,0.40954
FATBUZ,0.25817
FAXTUW,0.51113
FAYVEI,0.3591
FEBDOI,0.48525
FEBDUO,0.31746
FECHOM,1.15982
FEFJUY,0.3584
FEFKAF,0.35724
FEFQEN,0.5692
FEJGUW,0.38457
FELHOW,0.35038
FENSUO,0.28795
FEPYOR,0.5715
FEPYUX,0.59351
FEPZOS,0.63192
FEVGEU,0.34379
FEVGIY,0.81145
FEWKID,0.23704
FEYVIQ,0.23568
FIJRUO,0.25348
FIMSIE,0.20081
FIMTEB,0.29918
FIMWOO,0.34507
FIRQAB,0.28446
FIVSAG,0.15775
FIVVAK,0.29765
FIYTOX,0.46181
FIYVIT,1.09193
FOBHOV,0.56091
FOFDEM,0.28281
FOGQUO,0.3048
FOHGER,0.31182
FOJGAO,0.38066
FOJTUU,0.32121
FOJVAC,0.34067
FOMGEU,0.37514
FOMJEX,0.08564
FONSUY,0.51163
FONWUC,0.35862
FONYUE,0.55596
FOYCEC,0.28933
FOYNEO,0.33223
FREELG,0.34209
FUBWAA,0.16523
FUBXIK,0.22944
FUCTUS,0.72596
FUDJOF,0.30691
FUGXOX,0.3729
FUGYAH01,0.29877
FULVIT,0.33884
FUNPIQ,0.24305
FURBOM,0.17402
FURGOR,0.16061
FUTJAG,0.3488
FUXVIE,0.35077
FUXVOK,0.32395
FUXWAX,0.39316
FUXWEB,0.36117
GACHEA,0.32502
GAFDEY,0.26736
GAFDUO,0.40552
GAFFEA,0.35776
GAFFUQ,0.37862
GAGRAK,1.14263
GAKZAU,0.35457
GALZEB,0.73687
GASFOY,0.31045
GASFUE,0.33585
GASWIH,0.56278
GATXEH,0.70477
GAWFIU,0.32971
GAXMIE,0.46375
GEBLIK,0.26507
GEBLOQ,0.24231
GECQOX,0.38971
GEDROZ,0.23159
GEDSAM,0.23296
GEFHUX,0.22854
GEGJOT,0.25772
GEGRER,0.34447
GEJXUP,0.72963
GEKPIW,0.20497
GENRIB,0.28988
GEVLIE,1.22988
GEZCAP,0.20441
GIDWUO,0.38909
GIDXID,0.46077
GIDYEA,0.4074
GIFSIX,0.36564
GIHQUM,0.30474
GIJCEK,0.3048
GIJRIC,0.33652
GILYAC01,0.33667
GIMQAV,0.24727
GIMQEZ,0.2128
GIPFIX,0.39732
GIQYUA,0.41083
GIQZOW,0.32529
GIQZUC,0.32602
GIRMIG,0.27513
GISTIN,0.24125
GITHAT,0.13515
GIYKEF,0.37414
GIYPOW,0.23878
GIYQAJ,0.25012
GODQUN,0.1896
GODWUR,0.28725
GOFWIJ,0.32302
GOMVUC,0.17748
GOQVAL,0.34429
GORWOZ,0.50583
GORWUH,0.10167
GORXES,0.1614
GOTYOG,0.26149
GOYTUM,0.24896
GOZHOS,0.36886
GUBCAJ,0.09748
GUBCIR,0.15485
GUBCOX,0.15259
GUBDAK,0.10016
GUCQEC,0.16626
GUCWEG,1.46069
GUCWOQ,1.66604
GUDCAM,0.16445
GUFGOG,0.67119
GUKKAB,0.10322
GUKKEF,0.10164
GUPCEB,0.35974
GUPCIF,0.97004
GURQAM,0.36763
GURQEQ,0.32868
GURYUQ,0.47339
GUTZIG,0.75184
GUVBIK,0.38377
GUYDEM,0.31309
GUYDIQ,0.47377
GUYDOW,0.32188
GUZHUG,0.25362
GUZJAO,0.22325
GUZJES,0.26876
HABWOX,0.27454
HAFVIV01,0.76544
HAJYUO,0.25981
HAKDII,0.25932
HAKXIC,0.25305
HARHIT,0.12372
HAXMAX,0.44022
HAXNOK,0.12257
HAZPEG,0.41213
HCAROT,0.36265
HEBRIQ,0.18796
HEBROW,0.18242
HECFAX,0.67172
HEFDOO,0.24869
HEGDON,0.27111
HEHYEA,0.29122
HEJCUW,0.30122
HEJDEH,0.26219
HEJDOR,0.31645
HEPHUG,0.1239
HEPJAO01,0.19745
HEPJIW,0.55859
HEPJOC01,0.29451
HEPJUI,0.29247
HEPKAP,0.48727
HEQFUE,0.19689
HESJAT,0.08836
HESKIA,0.19282
HESNAU,0.41672
HESNEY,0.38851
HESNIC,0.30055
HESNOI,0.27421
HESNUR,0.32548
HEWHEY,0.48071
HEYSOW,0.27341
HEZXUI,0.26686
HIBVEU,0.378
HIFHUB,0.21062
HIJDEK,1.30915
HIJHIR,0.48048
HIMPEB,0.56727
HINYAH,0.241
HITVIQ,0.16355
HITVOW,0.3576
HITVUC,0.44472
HIVMOR,0.10884
HIVMUX,0.10726
HIVROW,0.40093
HIWGOL,0.15378
HIWVAN,0.38051
HODROI,0.37007
HODTIG,0.4337
HODWIJ,0.25898
HODWOP,0.20249
HOHVUV,0.21422
HOHYOV,0.11999
HOJFAQ,0.20287
HOMLUT,0.23852
HOMMAA,0.26904
HORJII,0.37031
HOSVET,0.22742
HOSVIX,0.30119
HOSVUJ,0.27456
HOXNEP01,0.43482
HOXPUI,0.31921
HOYMEN,0.4485
HOYYAW,0.354
HOYYEA,0.33895
HOZQAQ,0.46916
HOZQIY,0.38278
HOZXIG,0.1082
HRETGL,0.46204
HUBSEE,0.42258
HUCVIM,0.06705
HUCVOS,0.08611
HUCVUY,0.06228
HUCYIO,0.35301
HUCYOU,1.61892
HUCYUC,0.17172
HUHDOE,0.31749
HUHYUE,0.27534
HUMFUR,0.90129
HUMLUZ,0.22702
HUMZUK,0.72236
HUSQAP,0.25049
HUSZAY,0.22834
HUXLES,0.96432
HUYGIT,0.75325
HUZTEB,0.36307
HXOPHM10,0.46776
IBEBAV,0.19922
IBEVUJ,0.2316
IBEZUN,0.3136
IBIBAZ,0.29467
IBUPUQ,0.16505
IBUYOU,0.33801
ICAPOR06,0.29543
ICESIU,0.32031
ICESOA,0.41513
ICUQEF,0.27144
IDBANT,0.20702
IDIBII,0.19154
IDIBOO,0.39154
IDOFEO01,0.42431
IFUCAO,0.13089
IGEFUX,0.20678
IGOCEO,0.29306
IGOLIZ,1.02466
IGUTIO,0.06106
IGUTOU,0.06314
IHOYUC,0.25068
IHUTUC,0.72959
IHUVAK,0.57216
IJEFIO,0.37012
IJIHIT,0.39791
IJOFAO,0.31378
IKAJOU,0.34285
IKIFIT,0.31976
IKIFOZ,0.31229
IKIFUF,0.30666
IKINAT,0.38036
IKINEX,0.35896
ILOCUH,0.3166
INACEG,0.27434
INOLON,0.73872
INOMOO,0.781
INUSIU,0.21749
IPASOI,0.17506
IPEHAN,0.23195
IPEHER,0.24478
IPEHIV,0.24401
IPEHOB,0.23143
IPUTUK,0.03228
IPUVAS,0.03847
IQEWOS,0.37731
IQEWUY,0.27669
IROHUU,0.74768
IRUJUC,0.20693
ISEHEV,0.17081
ISEZIP,1.04357
ISEZOV,0.82606
ISEZUB,1.33254
ISIBAN,1.53829
IVUKEQ,0.26811
IWEROT,0.27252
IWESAG,0.31646
IXEWOZ,0.36939
IXUTAX,0.11365
IXUTEB,0.10988
IXUTIF,0.13833
IYEJIF06,0.18787
IYEJOL,0.18753
IYEJUR,0.18683
IYIGII,0.20151
IZOCIK,0.36081
JACSUC,0.15208
JACTAJ,0.16067
JACVOY,0.24502
JAHBEA,0.73458
JALXOK,0.19528
JALXUQ,0.18918
JALYAX,0.18624
JALYIF,0.19117
JAPXOQ,0.21342
JAYVIP,0.43052
JAZCAR,0.26061
JAZSUZ,0.32374
JAZTAG,0.30901
JEDJIO,0.24109
JETFOE,0.12944
JETGAR,0.12077
JETGEV,0.14523
JEXMIJ,0.2762
JIRZEQ,0.52061
JISPUW,0.68522
JIZRUI,0.07253
JOCJUJ,0.37024
JOFHOD,0.44411
JOFTON,0.10721
JOGHOD,0.86293
JOQZIA,0.26529
JUBPIH,0.41877
JUBTEH,0.48031
JUBTIL,0.49116
JUCNEC,0.3151
JUDFIX,2.54929
JUDGAQ,1.02604
JUDGEU,0.5414
JUDQII,0.84524
JULPAK,0.56591
JUQNUH,0.23145
KAFQIR,0.28631
KAMPIA,0.31841
KANWEB,0.2416
KAQFUF,0.12597
KAQYUY,0.15707
KARSOM,0.35274
KARWUX,0.12232
KARXAE,0.16437
KASDOY,0.33411
KASLUL,0.26225
KASMAS,0.25674
KASNID,1.17222
KASZAF01,0.34255
KAZWOY,0.38644
KECDEC,0.32839
KEHCUV,0.36348
KEKCOT,0.84417
KELMOE,1.09366
KEQNOM,0.09351
KETPOR,0.27583
KEYREM,1.07667
KEYYEV,0.27929
KEZTOZ,0.72599
KIDDAE,0.55617
KIDLAM,0.14415
KIKKIB,0.1094
KILNIF,0.48049
KILXUB,0.13212
KIPFAQ,1.11055
KIRTEM,0.39109
KIWNOV,0.19796
KIXMOU,0.39184
KIXWAS,0.66893
KIXYEY,0.3776
KIXYIC,0.60801
KIXZID,0.21406
KIZGUV,0.67806
KOBSUP,0.24704
KODNOG,0.17079
KOFMAU,0.11522
KOFZOX,0.14514
KOKMUT,0.23232
KOTPOA,0.39211
KOVCEG,0.24556
KOVDIL,0.60337
KOXFIP,0.14437
KOXJEO,0.20655
KOXJIS,0.24428
KOZHEO,0.16183
KUBLOL,0.51102
KUDDIZ,0.53502
KUGLED,0.43996
KUGYUI,0.33213
KUGZET,0.38832
KUJSUF,0.16775
KUKDAX,0.50664
KUKKAF,0.25426
KUKKEJ,1.02766
KULNOX,0.0539
KULNUD,0.05403
KUNSIX,0.35559
KUTHOZ,0.17078
KUVCUA,0.17846
KUXDIR,0.08853
KUXDUD,0.11906
KUXJOC,0.13552
KUYCOY,0.62797
KUYHOD,0.55113
LABMEJ,0.74616
LAGPOZ,0.74185
LAHCED,0.12153
LAHGUW,0.35895
LAJNOC,0.51172
LANHIR,0.74324
LAPHEQ,0.36198
LEFYAZ,0.04889
LEJNIZ,0.67226
LELBUC,0.75055
LELDIR,0.38788
LEMZAH,0.27593
LEPREE,0.35132
LETGUP,0.26386
LEVGOK,0.35757
LEVJUT,0.33829
LEYXOF,0.22543
LEZGEE,0.11065
LICCAD,0.4068
LICRUM,0.25419
LIDHIQ,0.31253
LIJGIV,0.31658
LIJTOP,0.67516
LIMGUJ,3.39244
LIMHEU,2.51781
LINMUT,0.0728
LINNEE,0.09608
LINNOO,0.1285
LINNUU,0.14342
LINPAC,0.08298
LINPEG,0.09933
LIWJAD,0.39588
LIYGIL,0.28457
LIYHIK,0.57395
LIYNAL,0.21025
LOBPOK,0.04979
LOCBAI,0.77352
LOFTEG,0.11746
LOHMEB,0.36067
LOJCOE,0.22897
LOJDOG,0.29367
LOJHEA,0.35693
LOMRUB,0.31955
LOMSOX,0.22684
LOMSUD,0.3393
LONMIK,0.50907
LONZET,0.23612
LORMAJ,0.28079
LOTCOO01,1.1269
LOTDEF,0.64689
LOWTID,0.52523
LOZREA,0.24487
LOZZIM,0.32777
LUBKIC,1.17263
LUCVAJ,0.41879
LUDGEZ,0.29
LUGJEF,0.28547
LUHVUG,0.14263
LULLOT04,0.2586
LUMJUB,0.19197
LUNFAB,1.67644
LUPXIE,0.30959
LURHIR,0.51652
LURYEF,0.08307
LUSKIW,0.23088
LUSLAP,0.27163
LUSLUJ,0.25163
LUSTIF,0.32108
LUSTOL,0.42426
LUTKUI,0.33648
LUTLAP,0.28954
LUVRUS,0.07812
MAXRUA,0.13664
MAYJEC,0.55712
MCHDHN,0.31568
MEGMAO,0.35552
MEHCEI,0.38849
MEKYUX,0.25415
MERSAE,0.89856
MEYRAM,0.08644
MICXAA,0.23582
MIRWOC,1.33049
MIRWUI,0.91507
MIRXAP,1.18446
MITFUT,0.32375
MITGEE,0.19
MITGUU,0.19187
MOBBOX,0.2066
MOGVIP,0.28482
MOMPAH,0.34869
MOMPEL,0.3654
MOMPIP,0.47641
MOMPOV,0.37233
MOPNUB,0.59797
MORKAI,0.24352
MOTJEL,0.23484
MOYYOR,0.58542
MUBTEJ,0.37613
MUDSIQ,0.41425
MUDXEO,0.42179
MUFDUP,0.42205
MUFFAX,0.43133
MUFPIP,0.54862
MUJJEI,0.40749
MUJKIN,0.41808
MUJTUH,0.74649
MUKGEG,0.312
MUKGIK,0.29959
MUKWOG,0.38794
MULGEF,0.63142
MULHIK,0.07988
MULHOQ,0.07592
MUMFEG,0.46198
MUMMIS,0.60832
MUMPUI,0.21986
MUMZUQ,0.30315
MUNCEE,0.32756
MUQPUL,0.24455
MUWSEF,0.21712
MUXYOW,0.67183
NAHXUR,0.37951
NALVAA,0.06212
NALVEE,0.0656
NAMBAH,0.44672
NAMBEL,0.48121
NAPZAH,0.15377
NASSOQ,1.17566
NASXOX,0.09302
NAVGEZ,0.28166
NAVGID,0.24951
NAYTIR,0.36163
NAZBUN,0.45688
NAZLAC01,0.62459
NAZPEM,0.1897
NEBLUE,1.05821
NEHQEX,0.3056
NEJBUB,0.15548
NEPGAS,0.62424
NEQBES,0.12017
NEQCAQ,0.33021
NERFAU,0.29238
NEVFIG,0.17033
NEWLOS,0.29113
NEWLUY,0.30163
NEWMAF,0.29155
NIFFUG,0.25502
NIFHIW,0.39587
NIFHOC,0.3331
NIFHUI,0.41517
NIHQUR,0.21962
NIJLAU,0.96142
NILWOV,0.33866
NIMGIZ,1.3485
NIPPEK,0.2919
NIRDUQ,0.51557
NIRXIY,0.50985
NIRZUM,0.50765
NITVUK,0.33
NITWAR,0.41002
NIVSOA,0.27874
NIXHOR,1.01449
NIXHUX,2.24562
NIXJAF,1.02014
NIXJEJ,0.89553
NOBJET,1.11402
NOCSUV,0.26676
NOFCIX,0.31743
NOHRAG,0.23221
NOHREK,0.45233
NOJKUT,0.098
NOJLAA,0.10937
NOMNOU,0.36289
NOMNUA,0.37474
NOQBED,0.29563
NORVEX,0.35786
NOSCUV,0.31616
NOSDAC,0.29886
NOSDOQ,0.32915
NOSFEJ,0.28411
NOSJOX,0.2844
NOTQOF,0.33708
NOXVAA,0.33
NOZPOK,0.1416
NUBLUU,0.27457
NUCWIU,0.19877
NUGCUP,0.54344
NUGKIL,1.00489
NUGNUZ,0.16097
NUGPEL,0.43296
NUGSOY,0.37694
NUMBUT,1.71098
NUMCAA,0.2387
NUMYEB,0.26826
NUNNIV,0.38564
NUNNOB,1.5285
NUQNIY,0.08893
NUQSAT,0.3109
NUSPID,0.32862
NUTGAM,0.3269
NUTRUS,0.24459
NUVKIB,1.02337
NUVKOH,2.21629
OBEQEU,0.1169
OBEQOE,0.10897
OBOWEK,0.2495
OBUCOD,0.40239
OBUHAV,0.29639
OBUHOJ,0.2
OBUWEQ,0.52409
OBUWIU,0.26514
OCAQUF,0.16404
OCECIK,0.29658
OCLPMH,0.73347
OCONEZ,0.36562
ODASUK,0.36953
ODIVEF,0.21999
ODIVIJ,0.22194
ODOHOG,0.34032
OFADUV,0.3455
OFARIY,0.14541
OFIXUX,0.99984
OFIYAE,1.21388
OFIYEI,1.25051
OFIYIM,0.89424
OFIYOS,0.93593
OFONUV,0.39772
OGAPET01,0.30965
OGELIY,0.36784
OGEXOP,0.32973
OGIZOV,0.22051
OGODAS,0.22328
OGUHEG,0.33624
OHITIK,0.40827
OHUBUR,0.12191
OHUYEX,1.07505
OJEMAT,0.35212
OJEMEX,0.46036
OJEMOH,0.36339
OJESIG,0.28784
OKEVOP,0.49973
OKOJEF,0.22296
OKONAF,0.26249
OKOROX,0.26847
OKOZUK,0.26783
OLEMOH,0.08769
OMAZEI,0.74749
OMAZIM,0.46803
OMIZUH,0.87843
OMOBAV,0.90076
OMOBID,0.76729
ONEXIP,0.3172
OPASAB,0.22466
OPIKOP,0.51732
OPOJIN,0.17719
OPOPOZ,0.02558
ORUWIJ,0.13537
OSUHEQ,0.31848
OTUKIY,0.78196
OVEDUQ,0.20143
OWAPIN,0.38472
OWIXEZ,0.18785
OWIXID,0.18734
OXEMAG,0.21417
OXEMEK,0.19873
OXUFEU,0.15217
OYUSAE,0.33264
OYUTUZ,0.21151
OYUVEL,0.24902
OZOXAE,0.23648
PABMIP,0.07881
PABMOV,0.07224
PACZEC,0.18394
PADXOK,0.88431
PADYAX,0.28401
PAJZAE,0.251
PAJZEI,0.26698
PAJZIM,0.24334
PAKBEK,0.30812
PAKBIO,0.26362
PAKBOU,0.25965
PAKBUA,0.27155
PAKCAH,0.27011
PAKCEL,0.27291
PAKCIP,0.2433
PAPRAB,0.42107
PAPREF,0.25358
PAPRIJ,0.32637
PAQMIE01,0.25233
PAQMOK,0.2565
PATNUT,0.36563
PAZQIT,0.16336
PEBWOL,0.5695
PEBXAY,0.54665
PEDREY,0.74535
PEGSEB,0.27587
PEHRIE,0.11567
PELPUT,0.54299
PEPLUS,0.40924
PESREN,0.23706
PETDIE,0.25658
PEWMAF,0.74326
PEWNAI,0.46607
PEWXAQ01,1.44221
PEXGII,0.32204
PEYQOA,0.34416
PEZMEN,1.0226
PIBQOI,0.63703
PIDDIR,0.41906
PIDRIF,0.74859
PIDZEK,0.21258
PIFSIJ,0.32687
PIGRAA,0.28555
PIJFIX,1.1569
PIJFOD,1.52998
PIJSOS,0.2535
PIKGUL,2.38763
PILFAU,0.33607
PIQCAV,0.13182
PIRRIR,0.27758
PIVLAK,0.25236
PIVLEO,0.19797
PIXWIE,0.12125
PMYDFL,2.2346
POBGIZ,0.1508
POBGOF,0.16429
POBGUL,0.18606
POBHAS,0.20726
POBSAD,0.48609
POBVUA,0.48388
POCTIM,0.35913
POGMON,1.08636
POGSUA,0.08123
POGTAH,0.0885
POGTUB,0.08877
POGVAJ01,0.10002
POHHEB,0.65104
POHTAH,0.44906
POLZEV,0.13332
POMXAT,0.42626
PONSER,0.32399
POPYUR,0.26559
PORNAO,0.40835
POTFOU,0.38712
POXSIE,0.37881
POZHAQ,0.22732
PUBPEJ,0.10973
PUBZOB,0.10195
PUFSIT,0.18993
PUHZOI,0.37014
PUJPIU,0.40248
PULMIV,0.33388
PULXEB,0.47696
PUMXEA,0.88859
PUMXIE,0.2364
PUNBAD,0.3314
PUNBIL,0.28386
PUNCAE,0.56962
PUQKOD,0.23718
PURDEN,0.30284
PUSPIE,0.21642
PUSPOK,0.2085
PUSPUQ,0.20538
PUSQAX,0.20661
PUSQEB,0.1936
PUVMAV,0.91474
QADQET,0.43752
QAKDUD,0.25909
QALLOH,0.04925
QAPNUT,0.7726
QAVWAM,0.82548
QAVWEQ,1.25389
QAWVIU,0.88336
QAZSUH,0.14612
QEBWEZ,0.1176
QECVUP,0.56637
QEGSUT,0.35615
QEMYIR,0.21324
QENXOZ,0.24108
QENXUF,0.17074
QENYAM,0.31026
QEPNEG,0.24493
QERNOT,0.74764
QERWUF,0.43068
QEVQEQ,0.34187
QEVTUH,0.32172
QEVVAP,0.32465
QEVVET,0.32425
QEWCAZ,0.32504
QEYKAJ,0.13054
QIBHAL,0.39225
QICLOG01,0.25605
QICMOH,0.32891
QICPAW,0.192
QICXIM,0.2893
QIDFUH,0.26864
QIJNIJ,0.29685
QIRQAJ,0.06147
QITZOJ,0.19646
QIVDIJ,0.36776
QIXVID,0.15704
QIXWAW,0.21375
QIYPUM,0.22433
QIYQIB,0.5512
QIYRAU,0.37839
QIYSUO01,0.44138
QOCFAQ,0.13791
QOCFEU,0.19119
QOCTIN,0.36128
QOJWIX,0.36029
QOPHUY,0.30089
QORCEH,0.3564
QORCIL,0.34009
QORQAQ,0.29781
QOSYON,0.08039
QOWLEW,0.34991
QOWQOK,0.19371
QOWQUQ,0.16208
QUATER10,0.20104
QUBTIS,0.40703
QUFFUS,0.09177
QUJMOZ,0.13769
QUKWID,0.34133
QUMSID,0.27801
QURREB,0.26059
QUSCAL,0.19983
QUSZEK,0.33539
RADTUP,0.09502
RADVEB,0.4826
RAFHUD,0.06273
RAFJAL,0.08285
RAGQOH,0.17506
RAJGOZ,1.17556
RAJGUF,1.30152
RAKVEH,0.16177
RASFAV,0.26859
RASZAP,0.40686
RATXUG,0.68513
RATYUJ,0.22504
RATZAQ,0.18973
RAYWET,0.28439
RAZKUA,0.22954
REBBOR,0.28709
REBTIE,0.22253
REFJOD,0.44531
REFKUI,0.31117
REFPUP,0.41139
REFTIH,0.14216
REHYAH,0.19875
REMZIS,0.29574
REMZOY,0.31748
RENBIX,0.10483
RENHEA,0.28121
RENHIE,0.1778
RENPIJ,0.23973
REPBIA,0.38347
REPBOG,0.2775
REZLOA,0.24367
RIBSEC,0.3011
RIBTAY,0.4071
RICYOR,0.26549
RINYUJ,0.34332
RIWBEF,0.43804
RIWTIA,0.1238
RIXWON,0.20821
RIYDEL,0.31285
RIYDIP,0.3082
RIYDUB,0.30697
RIYFAJ,0.31351
RIZKIX,0.30621
ROGFUP,0.11497
ROGMOR,0.70556
ROJCIF,0.39385
ROJCUR,0.39807
ROKHOR,0.3698
RONSAR,0.12493
ROPROG,0.21545
ROPRUM,0.25612
ROPSAT,0.24164
ROPSIB,0.38615
ROXYEK,0.19581
ROXYIO,0.22417
ROXYOU,0.11521
ROYJEW,0.2754
ROZXIQ,0.35102
RUHFOP,0.15822
RUHVEY,0.25858
RUHVIC,0.27869
RUHVOI,0.25826
RUPTIH,0.1302
RUQYEK,0.0688
RUQZEL,0.09902
SABZAX,0.85315
SAFLER,0.2589
SAFYUW,0.35802
SAFZAD,0.35866
SAGBOT,0.18667
SAGMEV,0.35405
SAGMIZ,0.35693
SAHWIK,0.21236
SALJOH,0.50598
SAMGOC,0.22512
SANJAU,0.28485
SANJIC,0.40956
SANTOS,0.16767
SARDOG,0.29554
SARRIN,0.79187
SARROT,0.30129
SASMEH,0.7363
SAWPAJ,0.34405
SAXLOS,0.35913
SEBJUF,0.1573
SECMAR,0.23648
SEFFIU,0.33084
SEFFOA,0.33233
SEFPOL,0.22722
SEFPUR,0.48318
SEGTAC,0.02684
SEHKUO,0.52769
SEKHUO,0.26715
SELRIM,0.16234
SEPJAB01,0.24074
SEPJEF01,0.26162
SEQDUN,0.31539
SERDAW,0.34793
SERQUD,0.29616
SESVES,0.30968
SEWGAD,0.36689
SEWKAI,0.61908
SEWTEV,0.2186
SEYSIZ,0.25856
SEZDEH,0.39648
SEZGOV,0.05519
SICMOI,0.39229
SICTEF,0.2232
SIDRUV,0.53261
SIFLUQ,0.25878
SIFSUY,0.52936
SIPQUE,0.55453
SIPRAL,0.44276
SIPREP,0.51335
SIQQAN,0.19632
SIQQER,0.17666
SIRPUG,0.18177
SIRRUJ,0.22445
SIRSET,0.59149
SISCAY,0.29785
SIXQIB,0.27951
SIYJEP,0.25191
SODFEY,0.46911
SOHPIO,0.3354
SOHWOB,0.18092
SOKYID,0.29743
SOLSIX,0.38309
SOMXOJ,0.75626
SOPTOI,0.31854
SOTCEJ,1.27665
STYTOP10,0.41778
SUDSOC,0.46198
SUDSUI,0.41408
SUDTAP,0.42211
SUDTIW,0.12404
SUDVUK,5.30087
SUDWAR,1.52349
SUDWIZ,4.53601
SUDXOG,0.12395
SUDXUM,0.12473
SUFWIC,0.3588
SUFWOI,0.35498
SUFWUO,0.33757
SUGSIZ,0.12175
SUGWAV,0.2233
SUHGUZ,0.42585
SUJFUB,0.74836
SUKNAO,0.35326
SULQUM,0.27467
SUPHET,0.87388
SUPHIX,0.77541
SUPMIC,0.32385
SUPZUB,0.12361
SURREE,0.05734
SUTHAT,0.03349
SUTYIR,0.28614
SUVJUR,0.13337
SUXMEF,0.47146
SUZHUS,0.27114
SUZJAA,0.34458
SUZJEE,0.25868
SUZJII,0.29593
SUZJUU,0.28882
SUZKAB,0.25407
SUZQIP,0.32669
SUZRIQ,0.31531
TAGZEH,0.2385
TAHBUZ,0.38647
TAJWIM,0.28945
TAJWOS,0.29207
TALPII,0.34252
TAMSAB,0.17331
TANMUT,0.57746
TAPFEV,0.28739
TARVAM,0.08775
TARVIU,0.09876
TAWQAL,0.5326
TAYGEG,0.22847
TCQNMP10,0.22072
TDTHTR,0.3549
TEHKEY,0.7491
TELRAG02,0.40768
TENMAC,0.18019
TENMIK01,0.25408
TEQSOZ,0.29145
TEQSUF,0.27383
TERFUR,0.85251
TERHEG,0.19595
TEZPIY,0.24549
THVINB10,0.6221
TICTIK,0.59843
TIDCUE,0.48762
TIDGUJ,0.65762
TIJZOD,0.25579
TIKFIE,0.23427
TINSEQ,0.32963
TIPQOA,0.37346
TIPQUG,0.33147
TIPRAN,0.37441
TIQFOO,0.22214
TIVZED,0.21624
TOHFEE,0.14881
TOHFOO,0.12305
TOHHOQ,0.22334
TOJCUT,0.34139
TOJDEE,0.31547
TOJDII,0.33652
TORVAA,0.33881
TOTDUD,0.46797
TOWSOP,0.36649
TOXQOP,0.48647
TUBBAW,0.56891
TUDHAE,0.3497
TUFYIF,0.21636
TUJNET,0.40632
TUJVAY,0.27658
TUKTEY,0.33954
TUKTIC,0.3404
TULYEG,0.19284
TUPMEY,0.38363
TUPMIC,0.40778
TUPPIF,0.88722
TUPPOL,0.36481
TUPVEH,0.27178
TUPVIL,0.42572
TUPWOS,0.22788
TUQCUF,0.30559
TURLEZ,0.35133
TURLOJ,0.42627
TUTZEO,0.37478
TUXXIV,0.15155
TUXXOB,0.18271
TUYDAV,0.19974
TUYKEF,0.17146
TUYMEF,0.22393
TVINTP10,0.34732
UBAWIF,0.32795
UBUGAC,0.49225
UBUGEG,0.42053
UBUWAR,0.31315
UCOMOP,0.33221
UDIWUB,0.1131
UFECOA,0.26762
UFECUG,0.31059
UFESAA,0.26944
UFIPOP,0.34582
UFOBAT,0.08769
UFOBOH,0.08806
UFOBUN,0.08526
UFOCUO,0.08886
UFUVEZ,0.42698
UHOQAJ,0.22742
UHOXOF,0.2829
UHUCAB,0.11994
UJETUY,0.08143
UJIJUT,1.00231
UKAHIZ,0.19898
UKEVOX,0.24457
UKIDEZ,0.68928
UKUPAR,2.1859
UKUPEV,2.3252
UKUPIZ,0.35678
ULOMUF,0.28407
ULUZEI,0.27215
UMITAN,0.23331
UNEBEV,0.15307
UNUSUS,0.25906
UPUKIB,0.17616
UQABUL,0.33401
URANOS,0.19171
URIRIY,0.47144
URUJUO,0.20004
USOBEK,0.15543
UTALOS,0.201
UTORAX,0.27769
UTORIF01,0.30721
UTORUR,0.30155
UVADIF,0.16066
UVESOF,0.54103
UVEXID,0.28359
UVEYIE,0.18176
UVEYOK,0.56327
UVEZAX,0.22695
UVEZEB,0.2243
UVEZOL,0.2338
UVIBAD,0.23997
UVIBIL,0.22673
UVUGOI,0.30661
UXEZON,0.19817
UXEZUT,0.21161
UXIBAF,0.20321
UXIBEJ,0.20177
UXIBIN,0.20312
VADMUI,0.53005
VAGZIN,4.51606
VAGZOT,0.64308
VAKWIO,0.31091
VALVEK,0.24131
VALVIO,0.28398
VANRUA,0.19781
VARCUP,0.65703
VARMEI,0.35028
VARMIM,0.12736
VAVPUE,0.29174
VAWVOE,0.57342
VAZVID,0.28062
VEDXAF,0.30545
VEFGIY,0.13134
VEFVOR,0.23316
VEJQUW,0.49353
VELTIR,0.2049
VEMLIJ,0.58213
VENYEV,0.88933
VEPHEE,0.27139
VEQROZ,0.81546
VEVHEL,0.26297
VEWNES,0.34099
VEXHOY,0.34254
VEZDIP,0.71789
VEZDOV,0.34033
VIDXEN,0.59545
VIFSEI,0.04423
VIFYUF,0.14558
VIFZUG,0.191
VIGNIK,0.59615
VIGSEM,0.40425
VIKJIL,1.58878
VIKNEL,0.23717
VIKNOV,0.18737
VILDOM,0.49035
VIPPUH,0.42008
VIPQES,0.31567
VIPQIW,0.32783
VIQCAB02,0.33536
VIQJOX,0.2956
VISFIN,0.54069
VITAAC10,0.60786
VIWNIB,0.32668
VIXDOY,0.31431
VOBRUZ,0.38592
VOCWAO,0.22552
VOHYAT,0.70672
VOJJAG,0.43217
VOKQOE,0.31202
VOLCIL,0.15245
VOLCOR,0.18075
VORVEG,0.18955
VOSNIC,0.20843
VUCDIJ,0.22915
VUFSOF01,0.56329
VUGJOZ,0.37461
VUWJEF,0.27187
VUWTEM,2.63926
VUWZUI,0.17805
VUXYIY,0.13235
VUXZEV,0.22505
VUZZIC,2.90167
VUZZOI,0.46495
WAGZUA,0.35374
WAHBAJ,0.3869
WAMDAR,0.25968
WAPFUO,0.24263
WAWRER,2.07215
WAXDUW,0.31016
WAXFAE,0.25547
WEBBIQ,0.70082
WEBLUM,0.34472
WEBMAT,0.31414
WEDWUY,0.24228
WEFBOZ,0.73348
WEJCAP,0.37738
WEKVOA,0.30339
WELBIB,0.7453
WELZAO,0.4402
WENSEP,0.23109
WERSOE,0.27235
WERSUK,0.26559
WEVMUF,0.08254
WEWZUV,0.93305
WEXBAC,0.08199
WIBNAX,0.2974
WIBNEB,0.34039
WIJCEX,0.74313
WIJCIB,0.74454
WIKSUF,0.23005
WIMHAD,0.09307
WIMHEH,0.14086
WINYOH,0.25623
WINZAU,0.20442
WIPMEP,1.19784
WIQHIN,0.32546
WIQHOT,0.3424
WIQHUZ,0.34288
WIQJEL,0.31089
WIQJOX,0.56569
WISXOO,0.25549
WIVBOV,0.87566
WIVZOQ,0.20006
WIVZUW,0.22939
WIXPUP,0.2218
WIXQEA,0.26139
WIYMAT,0.36266
WOBJAY,0.7438
WOBJEC,0.7309
WOBJIG,0.73062
WOCQEN,0.29385
WOCQIR,0.29249
WODHUV,0.32833
WODKIK01,0.18588
WOJWIE,0.04573
WOMCUX,0.27954
WOMWOL,0.69683
WOPNIZ,0.42175
WOPPIB,0.92207
WOPTEC,0.74731
WOQLUM,0.13373
WOQMAT,0.13192
WORWUX,0.50681
WOYFAU,0.56014
WUBXEZ,0.36859
WUFTUM,0.24824
WUGHOV,0.39658
WUGNOC,1.55681
WUGXEC,0.26454
WULVAC,0.15604
WULVEF,0.40689
WULVEG,0.13619
WUMDAK,0.1956
WUNDOA,0.14394
WUQGOF,4.20817
WUQGUL,0.31226
WUTMEE,1.0993
WUVLUU,0.74554
WUWKEF,0.28674
WUWLEG,0.36715
WUWQOV,1.1524
WUXLUY,0.4274
XAJTOU,0.68413
XAKFAR,0.4089
XAPBUO,0.36959
XARQUE,0.82815
XARREP,0.68142
XASBOJ,1.22501
XASTUJ,0.13128
XATCIH,0.1476
XAVLEN,0.86499
XAVLIR,0.90602
XAVXEZ,0.63155
XAWRIZ,0.18463
XAYNAP,0.1465
XAZSOG,0.58612
XAZSUM,0.57976
XEBLEX,0.37907
XEBPAW,0.40319
XEFGAS,0.54018
XEHDAS,0.54144
XEHDEW,0.26295
XEHDIA,0.34274
XEJPOT,0.4774
XEKKUW,0.20689
XELLEF,0.13574
XELYET,1.04574
XELYUJ01,0.76214
XEPYAT,0.24031
XESREV,0.46658
XESYEA,0.28431
XETDOR,0.30111
XEVSAU,0.0518
XEWZAB01,0.30799
XEZJIW,0.38662
XIBTOS,0.22566
XIDTUZ,0.35584
XIHVUG,1.05623
XIHWAN,0.90512
XIHWER,1.1452
XIHWIV,3.60788
XIRJAL01,0.30665
XIRJEP02,0.27776
XISBOS,0.40377
XITTEA,0.29161
XIYLAU,0.26921
XIYZOV,0.34629
XOCCAU,0.43842
XODNEL,0.16857
XODZUN,0.29766
XOFPOZ,0.49595
XOFQAM,0.40603
XOGMUE,1.2268
XOSSAC,0.17026
XOTQOO,0.42578
XOWDOD,0.65403
XOXJID01,0.47193
XOXKIG,0.58722
XOXLAX,0.36539
XOXLED,0.78807
XOYXAM,0.51628
XUBCII,0.48117
XUFSOH,0.18368
XUGYUW,0.14916
XUNFIY,0.10515
XURBOC,0.14052
XUXNAH,0.39955
XUZWUM,0.41648
YABBAH,0.25837
YABDEO,0.19119
YABDIS,0.18938
YABDOY,0.19258
YACREZ01,0.15466
YAFDOB,0.4694
YAHGIZ,0.16002
YAHSIJ,0.5027
YAJSIO,0.23106
YAJSUA,0.38638
YAJTIP,0.39039
YAKHEA,0.22477
YAKHIE,0.35276
YAMLII,0.27346
YAMWUG,0.32848
YAMXEP,0.12457
YAMXER,0.31612
YAMXIT,0.11893
YAXGAH,0.60324
YAXYED,0.27606
YAYWIF,0.57881
YAZVIG,0.10523
YEGZEQ,0.13897
YEGZIW,0.2723
YELQIQ,1.21297
YEPQUG,0.20106
YEPRAN,0.19497
YEPREQ,0.27922
YEPRER,0.25432
YEWLOE,0.30034
YEYCAJ,0.30463
YEYQOJ,0.41539
YICHID,0.35343
YICZUH,0.21167
YIFNOT01,0.44035
YIGDUP,0.48874
YIGFAX,0.36271
YIHVIW01,0.62364
YIHVUI,0.54444
YIJGAC,0.63519
YIQJEQ,0.74225
YISFIP,0.26957
YIVQEA,0.29478
YIZCOC,0.15289
YIZZOZ,0.206
YOBBAV,0.22871
YOBBEZ,0.20861
YODGOQ,0.35722
YOFCUR,0.23941
YOGJOW,0.34456
YONJES,0.39949
YONJIW,0.41716
YOTPED,0.11698
YOXWEO,0.83843
YOYWIV,0.22862
YOYXOZ,0.34283
YOZLAD,0.13731
YUFGOY,0.96371
YUFVOL,0.74523
YUHMEW,0.65201
YUJQIG,0.3991
YUJXIN,0.38166
YULHEU,0.32675
YUMYEM,0.29465
YUNNAX,0.36347
YUNNEB,0.60249
YUPCAO,0.7097
YUQYEP,0.25192
YUSFUQ,0.36023
YUSGAX,0.37201
YUZXID,0.20199
ZAPRAL,0.72242
ZAQZUM01,6.43823
ZATQAO,0.45296
ZEDDIV,0.43857
ZEDDOB,0.51801
ZEFMOM,0.23056
ZENPIU,0.24265
ZEVYEH,0.12362
ZEVYIL,0.11317
ZEWYEI,0.12474
ZIBXIU,0.23506
ZIBXOA,0.74675
ZIBXUG,0.25345
ZIBYIV,0.21896
ZIBZES,0.22632
ZIBZIW,0.28106
ZICMUW,0.82727
ZIFPIP,0.14368
ZITTED,0.17611
ZIXDIT,0.18453
ZIYJEY,0.26487
ZODYUX01,0.25476
ZOHFEK,0.29376
ZOHSUN,0.41654
ZOHTAU,0.3852
ZOHTEY,0.29727
ZOKJIV,0.13102
ZOKJOB,0.10665
ZOKMEU,0.10801
ZOKMIY,0.18362
ZOKMOE,0.11935
ZOKTEB,0.1006
ZONDAJ,0.34147
ZORNUP,0.69905
ZOTTUZ,0.30275
ZOYKUW,0.3553
ZOYLAD,0.34957
ZOYLEH,0.35426
ZOYLIL,0.35914
ZOYLOR,0.34788
ZUCBUX,0.23183
ZUCDOT,0.27157
ZUGDOW,0.24208
ZUNBUI,0.14729
ZURJOO,0.45761
ZURJUU,0.39854
ZUVKUZ,0.48882
ZUVLAG,0.49689
ZUWFAB,0.03587
ZUXGAC,0.13246
ZUXGEG,0.16604
ZUXGIK,0.17595
ZZZFKK01,0.70898
ZZZQNK04,0.45562
ABUFAG,0.23085
ACEFEW,0.22613
ACOFUV,0.84372
ACOVAQ,0.4706
ACUKUG,0.27931
ACULAN,0.31086
ACULIV01,0.20317
ADAVIL,0.67416
ADEVUB,0.50464
AFAFIX,0.21704
AFOMAL,0.23669
AFOMOZ,0.55907
AFUSEB,0.40579
AFUXII,0.55933
AGAHAR,0.15104
AGAMON,0.22852
AGETUD,0.40317
AGIFEE,0.13522
AGIFII,0.092
AGIYAT,0.29634
AHADIY,0.37413
AHEPIO,0.21041
AHEYUI,0.22527
AHEZAP,0.18354
AHOFAH,0.63533
AHOZED,0.44091
AHUSIF,0.60564
AJAFAU,0.32015
AJAFEY,0.31795
AJETOB,0.25529
AJETUH,0.25561
AJIBIH,0.42185
AJIRUH,0.47501
AJIXEZ,0.29548
AKEFED,0.31853
AKEGII,0.32016
AKILIR,0.60154
AKILOX,0.54134
AKILUD,0.45917
AKOWII,0.65558
AMONUN,0.12542
ANEDEE,0.28551
APBTRN,0.29035
APOJOG,0.52949
AQAKAG,0.11627
ARARAO,0.29158
AROZAJ,0.11748
AROZIR,0.12357
ASIJIW,0.2799
ASISEA,0.40655
ATUDID,0.41074
ATUJEF,0.16055
AWEDAH,0.28327
AWEGAM,0.30658
AWEGEQ,0.31464
AXEFOZ,0.17373
AXICUF,0.26723
AXOTIS,0.27513
AXOXUI,0.61876
AXOYAP,0.59829
AXOYUJ,0.58811
AXUHAE,0.2193
AXUQIU,0.33901
AYUMOX,0.27022
AZMCTI,0.87773
BABCEQ,0.23928
BADLID,0.44671
BAFHEW,0.71455
BALYAR,0.71783
BAMCAV,0.21019
BAMLEJ,0.21473
BAMLIN,0.12818
BAMSAM,0.06524
BAMSEQ,0.04973
BAMSIU,0.06405
BAMTAN,0.04593
BAMTER,0.0504
BANWAP,0.86034
BANYAR,0.19115
BANYEV,0.35376
BAPNAH,0.10276
BAPSIX,0.24365
BAQPOZ,0.22127
BASWUP,0.26795
BATCAC,0.22638
BAVKOB,0.20224
BAVKUH,0.23643
BAYDAH,0.3507
BAZBIN,0.90952
BDMBFL,0.42362
BEFFAW,0.23269
BEFFEA,0.26474
BEFFIE,0.25275
BEFFOK,0.24112
BEFTAH,0.18749
BEGLUW,0.18543
BEHGAX,0.3698
BEHGEB,0.32415
BEHMUZ,0.5713
BEHZOF02,0.62185
BELMOU,0.75982
BELZIC,0.28961
BELZOI,0.24258
BEMGUY,0.22184
BERMES,0.36376
BESGUE,0.02498
BEVNEW,0.31767
BEVQOK,0.56762
BEXHET,0.56157
BEYNEY,0.65242
BIBDIB01,0.18452
BICNIN,0.32258
BICYAO,0.55433
BICYOC,0.53302
BIDVEP,0.55643
BIGGIH,0.13682
BIJFEG,0.42207
BILPET,0.33497
BILRUB10,0.13723
BINSUP,0.05336
BISYAG,0.33804
BISYEK,0.31802
BITLOH,0.38344
BIXKAX,0.86519
BIXNOL10,0.23863
BIXXOY,0.36515
BIYHAV,0.23177
BMRIZN,0.10015
BNPTZO,0.31778
BOCYEY,0.28906
BODNEN,0.24676
BOFCAC,0.27649
BOGWIE,0.43251
BOHMET,0.33066
BOHMIX,0.27429
BOHMOD,0.32387
BOMSAA,0.73393
BOMVEH,0.37188
BOMYOU,0.57262
BONPEA,0.21365
BOVWOB,0.27936
BOVWUH,0.19897
BOXGAW01,0.21425
BOZDEA,0.41532
BOZFIG,0.40635
BPCAMN,0.55071
BUCZUU,0.19719
BUFHUI,0.33721
BULGOH,0.31249
BUNCEV,0.22826
BUQQIQ,0.37432
BURGIG,0.35716
BUTMOU,0.74708
BUTZAU,0.42196
BUXXID,0.09408
BUXXOJ,0.07368
BUXXUP,0.07288
BUXYEA,0.06579
BUXYOI,0.21856
BYPOXO,0.78814
BZSCLC,0.22538
CABMID,0.3562
CACFAQ,0.3728
CACFEU,0.53166
CACFIY,0.52739
CACFOE,0.32995
CACGAR,0.59395
CACGEV,0.54978
CACGIZ,0.37673
CACTEI,0.36971
CAFSAG01,0.59263
CAFTEL,0.31066
CAFTIP,0.31585
CAGZOC,0.31424
CAJYOE,0.40141
CALDOK,0.33209
CALHUV,0.54166
CALJAD,0.66192
CALSOX,0.31414
CARZAY,0.11836
CARZIG,0.13152
CARZUS,0.1407
CEBTUA,0.34729
CEDKUU,0.26719
CEFFOJ,0.43771
CEGWES,0.73424
CEHMUY02,0.35658
CEJWUL,0.12633
CELPER,0.46735
CELQIV,0.28149
CEMRAQ,0.36563
CEPGIQ,0.44814
CEQWUT,0.22109
CESGUF,0.0658
CESHAM,0.07693
CETQOJ,0.67332
CETQUP,0.42249
CEWKOF,0.26248
CEWTAB,0.33677
CEWTEF,0.32765
CEXQUT,0.18523
CEYREF,0.18274
CEZHEX,0.51855
CIHPUH,0.51513
CIHWUO,0.50089
CIKLUD,0.24557
CIKNUG01,0.11276
CIMFAH,0.159
CIMKOB,0.242
CIMMUI03,0.05434
CINKOB,0.11728
CINLAO,0.22655
CINMOD,0.14518
CINMUJ,0.14911
CIPWIH,0.3776
CIRLEX,0.66885
CITPIF,0.29353
CIVMIF,0.29727
CIVNAZ,0.05697
CIVNON,0.04756
CIYCOF,0.14074
CIYDAS,0.13637
CIYSOT,0.27576
COFGOV,0.50201
COFYUT,0.35066
COFZAA,0.34927
COFZII,0.476
COFZOO,0.42466
COGGEN,0.15904
COHLIW,0.27438
COKLUL,0.15869
COKYEH,0.10731
COLXOS,0.04892
COLXUY,0.07928
COMFER,0.7045
COQBIV,0.21761
COQBOB,0.26394
COQBUH,0.18994
COQCAO,0.18767
CORWAK,0.26531
CORXAI10,0.23691
COSMAB,0.19839
COSMOP,0.20269
COTJUQ,0.22766
COVNEI,0.41329
COWGUR,0.34449
COXLIN,0.07066
COYLAG,0.32159
COYLUA,0.29224
COYMOV,0.2774
COYMUB,0.31534
CPATHP,0.43903
CPTYBN10,0.80847
CUCJIT,1.35278
CUCRIE,0.18816
CUFBOV01,0.05274
CUFDIQ,0.09076
CUFKOD,0.39549
CUFNIB,0.31004
CUGNEA,0.28716
CUHBIS,0.21258
CUNTUA,0.2262
CURNIN,0.33561
CURSIT,0.22615
CURSOZ,0.74756
CUZRAQ,0.37927
CYMHTP,0.23605
CYVINC,0.14676
CYVTPA,0.27635
DACYUD,0.29341
DADHID,0.35782
DADQIJ,0.41178
DAFMOO,0.89563
DAFMUU,0.51488
DAGYES,0.17806
DAHPUX,0.24205
DAJMIL,0.43126
DAKGIH,0.43469
DANDIF,0.444
DANJIO,0.55961
DANJOU,0.48325
DANJUA,0.40993
DAQQEU,0.19456
DATDOT,0.20829
DAVVOL,0.32293
DAWFUF,0.46803
DAWHUH,0.19927
DAWJAP,0.0816
DAWJOD,0.07857
DAXPIE,0.73511
DAYBIR,0.65924
DBPERY,0.29657
DEDCUN,0.19205
DEDDEY01,0.17682
DEDDIC01,0.18625
DEHFED,0.24459
DEJMEN,0.35661
DEJMIR,0.34118
DELXAU,0.27165
DEPJAK,0.40883
DEQZAD,0.4207
DETPAW,0.35263
DEVMUP,0.34062
DEVNAW,0.38135
DEWFIX,0.60651
DEWMOI,0.25154
DEXTEF,0.47487
DEYVOV,0.23268
DEZVEJ,0.34381
DIBTOY,0.20493
DIBVAN,0.42855
DIBVER,0.41997
DICLEG,0.22536
DICLIK,0.23148
DICLOQ,0.22717
DICMIL,0.22894
DICMOR,0.22725
DICMUX,0.22735
DICNAE,0.22656
DICNEI,0.22615
DICNIM01,0.22609
DICNOS,0.22641
DICNUY01,0.2267
DICPAG,0.22574
DICPEK,0.22646
DICPIO,0.2261
DIFQEP,0.27358
DIHVIC,0.32525
DIJKAL,0.23264
DIJLIS,0.34344
DILWUT,0.36424
DIMMAQ,0.67664
DIMVIH,0.14895
DIMVON,0.25227
DITLAV,0.18887
DITLEZ,0.18923
DIVGEV,0.48449
DIVGUL,0.24545
DIWKAX,0.62273
DIWTAG,0.56567
DIWVAI,0.36459
DIWVEM,0.30387
DIXKON,0.04929
DIXQAD,0.21585
DIXQEH,0.21246
DIXREK,0.3086
DIXXIU,0.31949
DIYQEK,0.07763
DIYQIO,0.10149
DIZVUF,0.14363
DMBTBT10,0.16781
DOBDEF,0.42545
DODXAY,0.44013
DODXOM,0.4047
DOGCEI,0.33729
DOGFOX,0.46756
DOGREY,0.32274
DOGVED,0.05196
DOHLOE,0.31606
DOJFIS,0.23979
DOKFUF,0.16499
DOLXUZ,0.28571
DOMFAM,0.29478
DOQMII,0.29286
DORPOR,0.30486
DORRUZ,0.33171
DOTCIA,0.20435
DOWSEQ,0.27674
DOXSUE,0.37985
DOYRUH,0.24228
DOZBOL,0.6692
DPMESN10,1.08389
DUGKEY,0.33579
DUJDAO,0.16166
DULMEF,0.32281
DUMYIV,0.54101
DUNKEE,0.31737
DUNLAC,0.28321
DUPFAW,0.74612
DUPHAX,0.21879
DURYOG,0.05993
DUSCEA,0.15146
DUSFOP,0.13067
DUSNUB,0.73901
DUSYAT,1.09701
DUSYEX,0.57448
DUTGIK,0.18361
DUVYAW,0.22725
EBASIM,0.20197
EBIGUR,0.27911
EBOJUD,0.21421
EBOPAN,0.34671
EBTVPH10,0.1528
EBUVUS,0.38075
EBUXEH,0.47368
ECAROQ,0.26508
ECARUW,0.4187
ECEGUP,0.13928
ECEHAW01,0.13621
ECENAD,0.20802
ECIMIO,0.27949
ECIQIQ,0.17258
EDAROT,0.22857
EDINIQ,0.49209
EDITIV,0.22338
EFALAB,0.54545
EFAQIO,0.41791
EFEMUZ,0.42354
EFMTPY,0.25307
EFUCIU,0.42951
EFUCUG,0.3596
EFUDAN,0.74096
EFUYUB,0.21879
EFUZEM,0.22087
EGAPEK,0.35522
EHAKEF,0.4797
EHAKIJ,0.32789
EHAKOP,0.2541
EHOROI,0.26078
EHULAW,0.22684
EJAHUT,0.25238
EJIYAZ,0.23564
EJIZEE,0.20638
EKUPUV,0.16717
EKUQAC,0.18
ELAYIB,0.94832
ELAYUN,0.94206
ELAZIC,0.95344
ELIPIA,0.16678
ELIPOG,0.19013
EMANOX,0.32555
EMANUD,0.20714
EMAPAL,0.18328
EMIHIR,0.37732
EMIHOX,0.35196
EMOPEB,0.33723
EMULAB,0.25403
EMUQIO,0.68095
ENIHAL,0.19164
ENIRAU,0.71911
ENOFAQ03,0.29197
ENUHUS,0.36374
ENVFUR,0.68422
EPABAA,0.28698
EQANIV,0.12605
EQIKOF,0.25509
ERISAA,0.46034
ERITAB,0.33242
ERITIJ,0.38791
ERIXIN,0.27406
ESEMUM,0.28864
ETPHFU,0.35034
EVAGUE,0.50683
EVEHUI,0.40299
EVENID,0.3754
EVINOM03,0.16763
EVULIQ,0.2972
EWILUT,0.40508
EWUMAL,0.18068
EYAHER,0.22372
EYANRO10,0.53467
EYESUY,0.3279
EYOSIU,0.18625
EYULOB,0.33702
EYUXEB02,1.21896
EZOCUT,0.69216
EZOPUF,0.35372
EZUFOW,0.50682
EZUGAJ,0.47486
EZUGIR,0.33523
EZUHIR,0.23297
EZUKIV,0.24897
EZUWED,0.38538
EZUWIH,0.16658
EZUWON,0.17925
EZUWUT,0.36949
FABFIA,0.31278
FACYOA,0.36503
FACZAN,0.35285
FADJEC,0.39499
FAJTOZ,0.14737
FAJXET,0.16862
FALBAY,0.2356
FALNAI,0.10198
FAMXEY,0.5848
FAPMOY,0.73383
FATRIE,0.3022
FAWTOP,0.28787
FAWVAD,0.31446
FAXGUJ,0.49457
FAXJIA,0.34715
FAXJOG,0.35494
FAXWOR,0.38489
FAYZEM,0.27575
FAZROO,0.34965
FAZSEF,0.22705
FEDPEK,0.22783
FEDPIO,0.22851
FEDPOU,0.22371
FEHROA,0.23283
FEHYID,0.11312
FEKDAC,0.49791
FEKYOM,0.37139
FEMJUD,0.33089
FEMKIS,0.48098
FEMPOE,0.19584
FEPZIM,0.82139
FEWFIX,0.2317
FICCOM,0.16078
FIDLEL,0.05672
FIGJOW01,0.17894
FIHZOO,0.34144
FIJBAE,0.42219
FIJQOG,0.41527
FINKUK,0.39603
FIPPIF,0.32272
FIQJEX,0.29146
FIRNAY,0.19306
FIRQIJ,0.36644
FISZUE,0.78254
FITCAP,0.04673
FITCET,0.05638
FITCIX,0.05166
FIVPAD,0.76436
FIVPEH,0.71999
FIVPIL,0.69155
FIVPUX,0.76443
FIZFOL,0.3961
FOBBUW,0.17188
FOBDAB,0.6152
FODJUG,0.17377
FODWAY,0.08471
FOGMIY,0.24738
FOJTOO,0.30895
FOKSEE,0.31439
FOLGUK,0.30344
FOMVEL,0.3776
FOMVIP,0.2995
FONTOT,0.41701
FONXAJ,0.24637
FOPDUM,0.27587
FOPHOK,0.05197
FOQLEE,0.71764
FOQZER,0.17693
FORPAF,0.25097
FOTGAY,0.1923
FOVQEN,0.09916
FOVYAS,0.23231
FOWCAY,0.13597
FOWNAJ,0.3682
FOYGEI,0.07452
FOYXAV,0.08505
FOZMIR,0.63479
FUBXOQ,0.17599
FUBXUW,0.21458
FUCTOM,0.24012
FUDJIZ,0.28618
FUFPUU,0.2156
FUJVIS,0.05455
FUJVOY,0.05684
FUMDAT,0.64826
FUNWES,0.23593
FUPPIR,0.2267
FUQTAP,0.18276
FUQTOD,0.19448
FUSMOY,0.68758
FUWVEB,0.3019
FUXKEQ,0.74153
FUZPIC,0.26785
FUZQOI,0.35905
FUZQUO,0.19208
GADFID,0.14936
GADTUD,0.59934
GADYAM,0.36098
GAFVUG,0.6804
GAHCIE,0.37113
GAJRUG,0.27331
GAJTIX,0.22732
GAJTOD,0.2272
GALPAN,0.52656
GALRET,0.41403
GAMFOP,0.17686
GAPVUR,0.3491
GARYEF,0.1623
GARYIJ,0.27746
GARYOP,0.07927
GATBIN,0.25787
GAVFIU,0.34588
GEGGAB,0.09152
GEGMUD,0.09113
GEGPAL,0.2601
GEGPUE,0.44258
GEGRUI,0.07762
GEGYEX,0.14597
GEHDOP,0.40268
GEHXEY,0.35264
GEJYOK,1.14135
GEJZEB,0.21793
GEKPOC,0.51811
GELDEI,0.22711
GEMYOO,0.247
GEMZUW,0.69173
GEQQAX,0.051
GEQYUZ,0.47253
GERGAN,0.22069
GERJEV,0.05367
GERKAQ,0.52086
GERMUL,0.5016
GESQEA,0.50798
GETCIU,0.05063
GEVBUG,0.23687
GEXDAQ,0.2097
GIBPEO,0.40121
GICMIR,0.33475
GICSOB,0.44148
GIDYUO,0.10819
GIJROI,0.32028
GIKGAK,0.09874
GILBUZ,0.18535
GILFUD,0.22747
GIPDIV,0.25446
GIPMAT,0.29505
GIRVEL,0.51952
GIRVIP,0.45066
GIRVOV,0.48098
GIRVUB,0.49278
GISNEC,0.69145
GISQOQ,0.23879
GIVLUU,0.28321
GIVSUC,0.04583
GIWCUL,0.27413
GIXGUQ,0.44887
GIYNOT,0.21282
GOCHAJ,0.42661
GOCHEN,0.4256
GOCHUD,0.72119
GOCKAM,0.22986
GODXIJ,0.17801
GODXOP,0.1533
GODXUV,0.18512
GOFKOD,0.24209
GOGVEE,0.37948
GOLZAK,0.41011
GOMGAQ,0.34845
GOMVOW,0.18041
GOMWAJ,0.18081
GOMWIR,0.09024
GOMWOX,0.10068
GOPVEP,0.32759
GOPVIT,0.34504
GOPWEQ,0.30072
GORLUW,0.73928
GORWER,0.18293
GOVBOL,0.28014
GOVBUR,0.29876
GOVCEC,0.34557
GOVDAZ,0.26743
GOVXAT,0.12744
GOXMOY,0.35561
GOYTIA,0.50171
GOYTOG,0.69379
GOZLAL,0.28204
GUBCEN,0.09008
GUBHUG,0.34334
GUCDAL,0.4471
GUGFET,0.17175
GUGFOD,0.17317
GUMCOI,1.40944
GUNFOM,0.06192
GUNFUS,0.0449
GUNGED,0.04183
GUNJIK,0.49767
GUNJOQ,0.84498
GUPLEI,0.17181
GUPLUY,0.71047
GUPMAF,0.16491
GUSKEL,0.19732
GUYPEW,0.28647
GUZYUX,0.63122
HACNEG,0.50378
HACNUX,0.32248
HACPAF,0.32614
HACPEJ,0.32671
HAFVOZ,0.19874
HAHMOU,0.17373
HAHMUA,0.17777
HAJZOK,0.68417
HAMKIP,0.16815
HAMXUR,0.16517
HAMYEC,0.17667
HAMYIG,0.16509
HAPKAM,0.25395
HAQXIJ,0.37653
HARCEK,0.33669
HARDIP,0.22482
HAYROP,0.49714
HEBGAX,0.4229
HECDUP,7.18008
HEDJAB,0.39788
HEFDUU,0.23447
HEGBIH,0.28273
HEGBON,0.76803
HEGJOU,0.97311
HEHWOJ01,0.28637
HEHYAW,0.17053
HEJCAC,0.24375
HEJDAD,0.27775
HEQFOY,0.23034
HESYIO,0.7272
HETKOJ,0.07559
HETKUP,0.08214
HEWNAB,0.40286
HEWZER,0.71185
HEZDIC,0.06674
HEZDOI,0.06418
HEZDUO,0.0592
HEZFAW,0.15289
HEZHEB,0.14156
HEZYET,0.26324
HIBHEH,0.54183
HIBVAQ,0.50675
HICFEH,0.32237
HICLUD,0.09329
HIDXAU,0.28429
HIHPUL,0.78702
HIMPIF,0.72112
HIPDIW,0.25813
HIPDOC,0.23145
HIPDUI,0.24242
HIRREG,1.90735
HISKEB,0.25804
HITRIL,0.36161
HIVLUV,0.40985
HIVMAC,0.4075
HIYSIU,0.19916
HIYSOA,0.25348
HIZBUO,0.25273
HIZSOB,0.18621
HIZTAO,0.12758
HOBKOA,0.37893
HODTEC,0.44055
HOFPOJ,0.27179
HOGREC,0.46998
HOKYUE,0.27205
HOKZUF,0.11924
HOLFEU,0.39255
HOLQUX,0.19278
HOMFIB,0.19329
HOMLON,0.2324
HOMQAB,0.35166
HONZIV,0.23445
HOPHUR,0.25451
HORPEK,0.32355
HOVLAF,0.11795
HOVRIT,0.24462
HOVXUL,0.11668
HOXLOX,0.11442
HOXLUD,0.12326
HOYXAX,0.7467
HOYXEB,0.28122
HOZNER,0.22419
HOZXEC,0.1327
HUFRIL,0.14782
HUGXEP,0.69738
HUHXAM,0.27497
HUJHAX01,0.05409
HUKLAD,0.73568
HUKQIO,0.24432
HULHIF01,0.33361
HUMKUY,0.35833
HUMXIX,0.17698
HUPLEM,0.15842
HUPMIR,0.23074
HUQBUQ,0.31389
HUQJAH,0.23421
HUQJEL,0.37701
HUQJIP,0.30498
HUQNOZ,0.28973
HUQNUF,0.27083
HUQPAN,0.23293
HUTHOV,0.72881
HUTLEO,0.18099
HUVQEX,0.18928
HUWSIC,0.74521
HUYJIW,0.68271
HUYMOG,0.22129
HUZGOA,0.69814
HUZHAN,0.62458
HUZJEU,0.05905
IBAFAU,0.30997
IBEVOC,0.33388
IBIZUR,0.54371
IBUKAT,0.16228
IBUYUA,0.28591
ICIFOR,0.23231
ICIFUX,0.33767
ICIRAP,0.91387
ICIZUP,0.16774
ICOBUY,0.38274
ICOMUL,0.21732
ICUDAO,0.19142
ICUDES,0.19327
ICUDIW,0.17009
ICUPUU,0.29613
ICUQIJ,0.29723
ICUQOP,0.28792
ICUQUV,0.27525
ICURAC,0.28575
IDEFED,0.39176
IDEFIH,0.43502
IDIBEE,0.10362
IDIHUB,0.05749
IDODOV,0.45721
IDOGAL,0.36344
IDUWEK,0.27231
IFAJUV04,0.15802
IGIPIA,0.53273
IGONEZ,0.07552
IGUBEU,0.25401
IHECOQ,0.10368
IHESIZ,0.34843
IHEWEY,0.31414
IHIVOM,0.58031
IHIVUS,0.5402
IHOBUE,0.1965
IHOCAL,0.18392
IHOJEW,0.53654
IHOQAZ,0.42247
IHOQUT,0.38552
IHOXAH,0.36994
IHUVEO,0.54058
IJAJIP,0.39464
IJELIU,0.5059
IJEMIT,0.43979
IKAHAE,0.39162
IKAYEA,0.43448
IKITIH,0.09761
IKITON,0.11015
IKITUT,0.09673
IKOSUY,0.3093
IKUQIQ,0.16819
ILOZEQ,0.41376
ILUVOC,0.10519
ILUVUI,0.10974
ILUWAP,0.14646
ILUWIX,0.07926
ILUWOD,0.10452
ILUZIA01,0.23442
IMUKOS,0.46426
IMULEJ,0.37416
INABUV,0.29286
INAFEI,0.38159
INAKAK,0.27031
INDANT,0.15523
INENOE,0.27587
INOGIB,0.29917
INUBEA,0.44084
IPADEK,0.07231
IPCPAZ,0.34044
IPIHAR,0.38704
IPINAW,0.80325
IQABAE,0.33062
IQOSEM,0.2878
IRUJEM,0.22766
IRUKEL,0.71738
IRUNEP,0.3658
IRUNIT,0.38444
ISIFUN,0.23884
ISUGAG,0.23552
ITACOV,0.11842
ITACUB,0.13664
ITAFOZ,0.19683
ITATUU,0.26724
ITEZIS,0.32029
ITIBUK,0.29685
ITIPIK,0.53969
ITOQOY,0.4271
ITOQUE,0.42345
ITUDAD,0.29609
IVAGES,0.10893
IVEGAS,0.17334
IVIQIP,0.35995
IVIQOV,0.20002
IVUJOZ,0.26425
IWEZOB,0.31126
IWUPOF,0.45183
IWUQAS,0.32498
IXAPOM,0.16721
IXARUU,0.45115
IYUGEQ,0.299
IYUXUX,0.27036
IYUYAE,0.33221
IZAXOW,0.47372
IZESAI,0.47943
IZETEO,0.23861
IZEVEP,0.28684
IZIXOE,0.27047
IZUGER,0.17874
JABWUF,0.50826
JACWIW,0.22012
JACWOC,0.22449
JACWUI,0.22006
JACXAP,0.22476
JACXET,0.22292
JADTOX,0.44828
JAFBAT,0.10047
JAHRES,0.192
JAJBEE,0.22326
JAJRER,0.32285
JAJWUP,0.31117
JAKDIL,0.09642
JAKPEQ,0.54749
JAKXAV,0.22554
JAMQIX,0.48709
JANKUF,0.27152
JAPYII,0.20265
JAXJIC,0.36847
JAXKAV,0.39513
JECBOL,0.31667
JEHLOA,0.51887
JEHMAN,0.4874
JEKGAK,0.22406
JEMSIE,0.23174
JENLAS,0.22455
JEXHID01,0.15593
JEXNOS,0.15623
JEYDOJ,0.33085
JICZIH,0.22279
JICZON,0.22692
JIGXAB,0.75476
JIJGIS,0.16439
JIJJIY,0.25551
JIJJOE,0.25333
JILCIT,0.1048
JILZIO,0.2704
JISDIB,0.42619
JOBVEE,0.55268
JOCHER,0.39602
JOCJET,0.34428
JODNAU,0.22997
JOGMOI,0.37725
JOHFOC,0.51005
JOHKAU,0.39252
JOJPIJ,0.44303
JOLLEE,0.05298
JOLLII,0.05564
JOMSAI,0.10311
JORWIY,0.31494
JOSKAD,0.4572
JOTPEP,0.28604
JOXXEB,0.32326
JOXXUR,0.26181
JOYJAL,0.21617
JOYLUG,0.27064
JOYMER,0.14984
JOYMIV,0.14316
JOYMOB,0.13008
JOYMUH,0.28015
JOZMUG,0.40449
JUDHIC,0.41759
JUDYEP,0.05135
JUFVAK,0.25968
JUGBIW,0.28452
JUHFEX,0.21603
JUHYES,0.37565
JUKBOJ,0.21548
JULBAW,0.05711
JULBIE,0.05351
JULCIF,0.06113
JULCOL,0.05566
JULSOY,0.24455
JUPJOV,0.35851
JURBAC,0.10519
JURBEG,0.13169
JURBIK,0.1217
JURBOQ,0.06809
JURBUW,0.13395
JURCAD,0.19846
JURCEH,0.06255
JUSLER,0.04595
JUSLOB,0.04579
JUTLOC,0.61377
JUWTED,0.30616
JUWTIH,0.25062
JUWZUZ,0.30741
JUYKUL01,0.49631
KABLAA,0.25059
KACTOA,0.30337
KADBOH,0.30865
KADBOI,0.12437
KAGFOP,0.34587
KAGGAC,0.3305
KAGGEG01,0.32009
KAGGIK,0.32154
KAGSAM,0.14688
KAJTUM,0.26691
KAKREW,0.11928
KAKTUN,0.21451
KAKVAV,0.23138
KAQYOS,0.25589
KARZEK,0.43102
KARZIO,0.40621
KAWNOM,0.38262
KAXGIC,0.21576
KEBDIH,0.40884
KEBDON,0.43821
KEBDUT,0.39722
KEBFAB,0.4352
KEGMOA,0.10276
KEGQIZ,0.1499
KEGQOF,0.30346
KELBOU,0.38027
KELNAR,0.70582
KEQSIL,0.33433
KETDAQ,0.0528
KETDEU,0.04742
KETDIY,0.04596
KEYJUU,0.28059
KEZHII,0.25329
KEZHOO,0.31166
KEZHUU,0.2812
KIBLOZ,2.69086
KICGUB,0.38912
KIFCAF,0.24466
KIFHOY,0.25059
KIKSIJ,0.43917
KINGIA,0.2718
KIPQUY,0.20595
KIRBUI,0.41724
KISNUY,0.40871
KISPAG,0.42636
KISPEK,0.37198
KISPOU,0.33446
KISPUA,0.32811
KISPUY,0.2185
KISQAF,0.22784
KISQAH,0.27866
KISSOX,0.39735
KISSUD,0.35854
KISXES,0.23968
KIVPOV,0.11685
KIXDAX,0.37064
KIXDUR,0.54417
KIXWEW,0.75184
KIXWIA,0.07418
KIXWOG,0.11589
KIXWUM,0.09986
KIZWUO,0.26083
KOGDIU,0.41695
KOGXIQ,0.22856
KOJNOO,0.24233
KOKMIH,0.24821
KOKNUU,0.37087
KOKPAC,0.36582
KOPCOJ,0.48581
KOPMAG,0.27979
KOPREO,0.21316
KOPVET,0.1195
KOQDOM,0.21176
KOVKAK,0.24398
KOVKEO,0.24389
KOVNIV,0.17588
KOXJAK,0.20406
KOYWUT,0.18521
KOZHIS,0.15012
KOZXIJ,0.25971
KUCBER,0.12618
KUCGAR,0.22386
KUCGUL,0.27579
KUDDAP,0.43273
KUFHUQ,0.16099
KUFWOA,0.09496
KUFWUG,0.05544
KUGCIY,0.07685
KUJFEC,0.51412
KUJSAL,0.17818
KUJSIT,0.26171
KUJTOB,0.34919
KUKCUP,0.39898
KUKCUQ,0.40389
KUKVOE,0.28402
KULPOZ,0.22818
KULYIC,0.32698
KUPLUE,0.41148
KUPWOJ,0.22374
KUQGUZ,0.23156
KUQKAL,0.09034
KUQKEP,0.11617
KUQLAM,0.09877
KUQLEQ,0.10166
KUQLIU,0.09482
KUSBEF,0.45728
KUSQEX,0.07562
KUTZUX,0.25545
KUVBAH,0.28565
KUVJOD,0.09
KUVJUJ,0.07881
KUVKAQ,0.06606
KUVTAY,0.46145
KUWFEQ,0.05469
KUWFIU,0.05891
KUWFOA,0.05471
KUWQOL,0.08883
KUWWAD,0.08604
KUWWIK,0.24217
KUWXAD,0.2353
KUWXEH,0.24071
KUWXOR,0.23546
KUWZOT,0.16905
KUXNOI,0.93922
KUYBIS,0.35013
KUZFAO,0.20945
KUZKIB,0.34981
KUZKOH,0.51845
KUZPOL,0.22672
LABYIX,0.29479
LABYUJ,0.27619
LACJAD,0.33344
LAGJEL,0.48493
LAHBIG,0.24107
LAPPEZ,0.67293
LAVMAW,0.34952
LAWCUI,0.75428
LAYTOX,0.29202
LAZVOY,0.71363
LECSEU,0.28398
LEDRUJ,0.49721
LEFWIF,0.29144
LEHDIM,0.589
LEKLAR,0.23987
LEKLIZ,0.30976
LELZEK,0.52817
LENDAM,0.71309
LENHER,0.31933
LENPEZ01,0.22565
LENQUS,0.08431
LEPPIF05,0.24421
LESCUJ,0.17732
LESJIE,0.26553
LETHAW,0.4637
LEVGIE,0.37617
LEVJON,0.30464
LEXJOP,0.23395
LEXNEK,0.27761
LEXZOF,0.52918
LEXZUL,0.17027
LEYHON,0.50799
LICGAG,0.40382
LICLOY,0.1671
LICQUL,0.30719
LICROG,0.31546
LIHPUP,0.69788
LIJPOK,0.25917
LIJPUS,0.0502
LIJQAZ,0.04997
LIJQEB,0.74451
LIJRIG,0.50744
LIJTUV,0.40315
LILJOF,0.41294
LILJUL01,0.70591
LIPTAG,0.30083
LIPTUA,0.55214
LIQGEA,0.39571
LIQGIE,0.50912
LIQTEN,0.2137
LIQTOX,0.30876
LIQZOC,0.60767
LISTEN,0.50414
LITDID,0.2498
LITYUL,0.16659
LIXDAA,0.14781
LIYSOE,0.67945
LOBGUE,0.20007
LOBHIT,0.19414
LOBHOZ,0.18615
LOCPUR,0.47326
LODCUD,0.40248
LODDOY,0.3182
LOFLIE,0.36763
LOFSUV,0.67393
LOHJEA,0.25714
LOHLOL,0.31214
LOHNIH,0.30595
LOKPAF,0.2295
LOLGOI,0.19062
LOLHAV,0.17471
LOLXUH,0.21147
LOMROV,0.34009
LOMTOY,0.31762
LOMXIW,0.41067
LOPJAD,0.41992
LOQXOF,0.23331
LORCAZ,0.04614
LORMEN,0.26945
LOWPEU,0.23325
LOXQAT,0.20392
LOXQUM,0.38959
LOXRAT,0.34783
LOXSEZ,0.24814
LOYCUA,0.38729
LOZTIG,0.19074
LUCFOH,0.48574
LUCYAL,0.23726
LUHKII,0.21371
LUHKOO,0.20948
LUHTEQ,0.05538
LUKSER,0.40634
LUNQIX,0.5601
LUNYEA,0.29932
LUPJIP,0.18829
LURYAB,0.12021
LUSMEU,0.05665
LUSXOP,0.08471
LUSXUV,0.05476
LUTJUG,0.34971
LUTPUN,0.37354
LUTQAU,0.65226
LUVRIG,0.09237
LUWVOR,0.42731
MAXDAT,0.03929
MAXDEX,0.06124
MAXDIB,0.03611
MAYGAX,0.23067
MEBCIH,0.17457
MEBZID,0.40809
MEBZOJ03,0.49906
MEGWIH,0.17067
MEGWON,0.1732
MEGXEE,0.24334
MEJKOC,0.28355
MEJPEY,0.49735
MEKJUJ,0.19896
MEKKAQ,0.19873
MEKXAE,0.47862
MEKZEH,0.54676
MELCEO,0.1478
MEPKAW,0.27717
MEQROQ,0.6643
MEQWEN,0.31755
MERNEF,0.40546
MERRUX,0.465
MESMUT,0.42879
MESTOW,0.08684
METYUI,0.48602
MEVBIB,0.39444
MEXLIN,0.39231
MEXLOT,0.36115
MIGGOB,0.18486
MIVVUL,0.4766
MIXYEA,0.16182
MIYPUI,0.15794
MIYQAP,0.19414
MIYQET,0.12048
MIYQIX,0.12618
MOCGOD,0.28757
MOHHAU,0.2986
MOJFEX,0.30985
MOKMEG,0.29006
MOMMUY,0.25578
MONFIG,0.40486
MONFOM,0.40182
MONFUS,0.40456
MONGAZ,0.4285
MORYOH,0.27274
MOZZIL,0.22722
MSFURY01,0.39404
MUBQOS,0.18342
MUDHUO,0.22362
MUDRIN,0.2222
MUFDID,0.36874
MUFZOC,0.22739
MUGGEC,0.24366
MUGXUK,0.16619
MUHPUD,0.37523
MUJGAC,0.2504
MUJSIU,0.27168
MUJSUG,0.4332
MUKKAE,0.08077
MUKKOS,0.18985
MUKWIA,0.50034
MULGAE,0.21454
MUMLUD,0.20571
MUMMAK,0.56491
MUMPOC,0.25571
MUMQAP,0.32007
MUMZIE,0.28317
MUMZOK,0.28696
MUNHEK,0.21895
MUQNUH,0.74751
MUQNUK,0.07014
MURCOU,0.34257
MUSKES,0.04569
MUVSAY,0.18433
MUXPON,0.14672
MUZBOY,0.40739
MUZTEJ,0.07522
NABGEF,0.15237
NAFZUP01,0.29171
NAHPIW,0.23562
NANGUE,0.30808
NANHAL,0.73216
NAPANT01,0.23348
NAPPYR,0.23688
NAQCUF,0.32502
NATWOU,0.10702
NAWCAP,0.13096
NAZBAR,0.11
NBZMAA,0.74931
NEDFEJ,0.31806
NEFTEA,0.33248
NEJXUW,0.28312
NELCUD,0.094
NEMHAO,0.25927
NEMJAT,0.39294
NEMPAY,0.14382
NENKAV,0.41004
NEQKUQ,0.70983
NEQVUC,0.58195
NEQYAL,0.0973
NERGUP,0.19563
NEVPEJ,0.41931
NEWJIK,0.23829
NFMLEA,0.68837
NIBHOX,0.34472
NIDMIZ,0.29996
NIMCOD,0.25789
NINQEH,0.46091
NIPPAG,0.76402
NIPPIN,0.18169
NIQLUX,0.45837
NIRGED,0.40741
NISTAL,0.34805
NITJEH,0.26714
NIWDIG,1.20533
NIXVOH,0.26738
NIXWAU,0.2641
NIXWEY,0.27211
NIXWIC01,0.27738
NIYGUA,0.51035
NIZFEK,0.09268
NOGCIX,0.6401
NOGCOE,0.24715
NOGJAW,0.3125
NOHTUA,0.28379
NOJHEZ,0.25957
NOJPAG,0.2276
NOJPIO,0.2257
NOLJOP,0.06199
NOLJUV,0.03645
NOLKAC,0.13188
NOLKEG,0.10973
NOLQAJ,0.32724
NOLQEN,0.37793
NOLTEP,0.17854
NOLTIT,0.15954
NOLTOZ,0.17862
NOMRAK,0.24938
NONQUF,0.46583
NONREQ,0.37473
NONZIZ,0.22892
NOPCAW,0.20261
NORDOP,0.37186
NOSFIN,0.23217
NOVPAS,0.04621
NOXKES,0.50699
NOYXAD,0.21632
NOZCUC,0.44616
NOZTOL,1.61876
NPQUIM,0.42021
NUBVAK,0.06006
NUBWIS,0.4158
NUCVAL,0.18267
NUHCEB,0.55268
NUHFOO,0.28424
NUHKIN,0.21832
NUJTOE,0.26337
NUKJAG,0.16059
NUKJIO,0.33876
NUKTOE,0.1035
NUKTUK,0.19108
NULLUE,0.40858
NULZAY,0.23378
NUMCII,0.23576
NUNHUB,0.14354
NUNQAR,0.04651
NUPQUM,0.33737
NUPRAT,0.34003
NUQJIT,0.1757
NUQZIJ,0.28413
NURKAN,0.39716
NUSDOX,0.25149
NUSDUD,0.22461
NUSTAZ,0.24577
NUSWOQ,0.05436
NUSYIL,0.13102
NUTCUC,0.27398
NUTDAJ,0.25872
NUVXUA,0.04467
NUXNUS,0.22792
NUXPAA,0.22711
NUXXEM,0.04539
OBEMOA,0.36584
OBEMUG,0.41422
OBENER,0.31746
OBEPUJ01,0.07004
OBODEO,0.12059
OBOHUL,0.22602
OBOXAE,0.39399
OBUCUJ,0.13405
OBUGIE,0.32115
OCAGUV,0.36663
OCOLUQ,0.40363
OCOQIG,0.17254
OCUXES,0.18154
OCUXIW,0.18508
OCUXOC,0.1849
ODIVAB,0.21858
OEMPRM,0.35483
OFACEG,0.27882
OFACIK,0.23603
OFEYUV,0.21482
OFUSEQ,0.33099
OFUSOA,0.62476
OGEBAE,0.4823
OGESID01,0.71997
OGETIG,0.34702
OGIBIS,0.05811
OGIREE,0.19468
OGUGUV,0.33624
OGUHIK,0.36622
OGUYUK,0.30072
OHIMEZ,0.12061
OHISIJ,0.17957
OHIXEI,0.42615
OJIBOA,0.15626
OJICIV,0.11776
OJICUH,0.33438
OJIDAO,0.14489
OKIFUL,0.45302
OLEBOY,0.60701
OLELUO,0.34192
OLEMAV,0.36137
OLEMEZ,0.34032
OLERIH,0.44194
OMAZIL,0.2061
ONOXUL02,0.16025
ONOYAS,0.15303
ONOYOH,0.05545
ONUBOQ,0.24399
OPEJID,0.28715
OPISOW,0.11576
OPUGIR,0.61795
OQECAQ,0.29694
OQUPUM01,0.38126
OQURUP,0.18983
OSEZET,0.33633
OTELAC,0.26216
OTELEG,0.26473
OTELIK,0.26148
OTEMAD,0.26306
OVEWOD,0.11206
OVEWUJ,0.97548
OVEXAQ,0.10598
OVOVUS,0.18543
OWOMEU,0.28312
OWUZIR,0.20364
OXEMIO,0.21434
OXEMOU,0.21239
OXOGUE,0.24375
OYIJAJ,0.21355
OYOVII,0.31899
OYOYUY,0.57472
OZONOI,0.20798
OZUYUF,0.25949
PACZIG,0.50248
PADDIH,0.35123
PADLIS,0.18476
PADPUI,0.67123
PADZEB,0.7955
PAJCOT01,0.2902
PAJMOD,0.60599
PAJPOI,0.12631
PAJPUO,0.12307
PALFEO,0.21482
PAMMEY,0.39928
PAMMIC,0.39524
PAMYUY,0.25157
PAQYEM,0.32902
PARKIF,0.22977
PAVVUG,0.04623
PAWMOR,0.36878
PAXBAU,0.57231
PAYXAQ,0.17833
PAZQOZ,0.16863
PEBXEC,0.64077
PECBEE,0.30747
PEDTAU,0.38323
PEGRIF,0.32957
PEHBEM,0.13358
PEHBIQ,0.12674
PEJHOD01,0.23162
PELHOF,0.56972
PENCUG,0.36132
PEPNIH,0.41021
PEQBAO,0.09595
PEQQUA,0.2851
PERFUP,0.24513
PESDAV,0.33487
PETCOJ,0.37629
PETKIL,0.33925
PETREM,0.34125
PEWDUT,0.05506
PEXXEY,0.05594
PFBBFL10,0.51992
PHPYHP,0.2036
PHTHCY01,0.04379
PHXTCN,0.39486
PICVEF,0.17541
PICVIJ,0.19947
PICWAC,0.22682
PICWEG,0.18741
PIDLIY,0.42753
PIDZAE,0.46488
PIFJUK,0.04508
PIFMAV,0.06831
PIHXAI,0.10012
PIHZEO,0.21797
PIQMEH,0.54826
PITPUE,0.70737
PIYWUP,0.47037
PIZCUW,0.46648
PIZLUI,0.29795
PMTHTZ,0.25859
POBPIG04,0.23604
POBRUU,0.74345
POFDOD,0.22591
POFDUJ,0.22234
POGSEL,0.73509
POJNOR,0.82297
POJTOZ,0.29437
POKRAL,0.13992
PONFEG,0.21268
PONGUW,0.19025
PONSES,0.42042
PONTIW,0.71451
POPPUF,0.29737
POQCEE,0.16441
POQCII,0.16521
POQMOZ,0.06959
POQPES,0.7679
POQPIW,0.73667
PORCUV,0.53189
PORLEQ,0.18045
POSGUZ,0.37256
POSNOD,0.22972
POTQAT,0.23351
POVDOT,0.21467
POVMOE,0.21638
POXBOU,0.40786
POXWEH,0.2424
POYKIX,0.38656
POZHES,0.36864
PUBPEK,0.7251
PUBSUC,0.11739
PUCNIM,0.35122
PUCROV,0.92309
PUGVOE,0.31296
PUHZEY,0.31025
PUJJUA,0.43576
PUMVIC01,0.15985
PUMWUP,0.15247
PUPQID,0.43405
PUQQIC,0.37471
PURCUC,0.95306
PURDAJ,0.96973
PURKAR,0.22852
PUSJOD,0.39677
PUSNAU,0.27563
PUTCEM,0.08306
PUVGAR,0.08441
PUVNAW,0.59133
PUVNEB,0.53861
PUXQUW,0.74553
PXPFUR,0.35181
PYINDB01,0.56557
QABLUA,0.26618
QAFBUW,0.05368
QAGDOU,0.11687
QAGLIU,0.12217
QAHSEA,0.05289
QAJTUQ,0.22013
QAKHER,0.11296
QAKHOB,0.17105
QALWEF,0.54245
QALWEI,0.21648
QAMSAY,0.26002
QAMYIO,0.34896
QANCIT,0.05053
QANXIN,0.30095
QAPRIK,0.19355
QAPWUA,0.35332
QAWLAC,0.49462
QAYPOW,0.59143
QAZTUJ,0.30514
QEFBUB,0.40217
QEJTEG,0.27942
QELNAW,0.17929
QENRIN,0.24767
QENYIU,0.2372
QEPBUJ,0.18105
QEPLAZ,1.41225
QEPLIH,1.3447
QEPLON,1.10176
QEPTEM,0.22554
QERYES,0.22723
QEVTOA,0.50466
QEVTUG,0.46989
QEVVAO,0.55067
QEWREQ,0.37637
QEWROA,0.27515
QEWRUG,0.3531
QEWSAN,0.36588
QEWZIE01,0.40159
QEXRER,0.38922
QIBKAQ,0.47439
QIBVIJ,0.44548
QICMEX,0.21835
QIFNOL,0.31453
QIFNUR,0.22784
QIJFUN,0.0538
QIJQAE,0.21637
QIJQEI,0.2203
QIKFEV01,0.45682
QIMDUO,0.24305
QIMNIM,0.17154
QINRAJ,0.31155
QIQLAF,0.43035
QIQLEJ,0.14699
QIQSER,0.04099
QIRBOL,0.35967
QIRFOO,0.42481
QIRREO,0.34102
QISSIX,0.23546
QISSOD,0.22897
QISSUJ,0.21495
QISTER,0.46574
QITJIO,0.15876
QITPOB,0.24151
QITQIW,0.43537
QITQOC,0.42548
QIXXIF,0.615
QIYQAT,0.64278
QIYQEX,0.58753
QIYQOH,0.46108
QOCKUR,0.18715
QOCNAZ02,0.20799
QOGPEH,0.30287
QOHGAX,0.22587
QOHGEB,0.22465
QOJWET,0.35595
QOLLAG,0.15165
QOLPAJ,0.22046
QOMDUU,0.06104
QONJEJ,0.33021
QONSOD,0.32651
QONYIC,0.25505
QOQSUK,0.39962
QOSCOQ,0.49228
QOTRIB,0.37253
QOXMUM,0.16885
QOXNAT,0.1791
QQQFSV01,0.33744
QUAXDS,0.19028
QUBCEX,0.09326
QUBPEJ,3.67169
QUCHUU,0.41485
QUCYET,0.28303
QUDSIU,0.10803
QUDXES,0.6056
QUFFEC,0.28525
QULJUE,0.37138
QUMBOR,0.23104
QUMBUX,0.27762
QUMGOU,0.26879
QUMQAS,0.64872
QUNNIY,0.16465
QURVUX,0.32452
QUTGER,0.39223
QUVDUJ,0.20648
QUWFUM,0.06381
QUWGAT,0.08846
QUWREH,0.43724
QUWTIN,0.60886
QUXTIO,0.60755
QUZHUP,0.312
QUZREJ02,0.75035
QUZVOZ,0.17422
RABBUV,0.25767
RABGEH,0.32212
RACTUM,0.37758
RACVAU,0.23805
RADLOB,0.41047
RADMES,0.39898
RADTOJ,0.19432
RADVAX,0.22151
RADVIF,0.09261
RADVOL,0.04957
RAFGUD,0.32358
RAGBIN,0.30543
RAHBUA,0.73474
RAJHES,0.55363
RAKZIP,0.23017
RAKZUA,0.27833
RALBAJ,0.28076
RALNIE,0.39216
RANPII,0.40469
RAQDAR,0.09594
RARYOY,0.33798
RASXER,0.44066
RATHUQ,0.27619
RATXIW,0.28872
RAVFOL,0.36007
RAZMAI,0.08778
RAZMEM,0.21283
REFBEM,0.19288
REFBIQ,0.18157
REFGEO,0.75051
REGWOP,0.27623
REGXIL,0.13266
REGZIP,0.26473
RELBIW,0.27263
RELCAP,0.21144
RELCET,0.28289
RELRAD,0.71999
RELREH,0.32228
REMTEK,0.19542
RENDUJ,0.34297
RERLOS,0.17348
RESLEH,0.4014
RESTEO,1.03041
REVJIO,0.37152
REVKOV,0.23756
REWZUR,0.27451
REXYOL,0.25742
REZWUR,0.21906
RIFLEA,0.70476
RIQCEC,0.34391
RIQCIG,0.28792
RIQFEC,0.64906
RIRYIB,0.42425
RIWHAH,0.48381
RIXGEM,0.2511
RIXLAN,0.18088
RIXMAO,0.16351
RIXMES01,0.17279
RIXVIF,0.30884
RIXVOL,0.32596
RIXVOM,0.28839
RIYDOV,0.32646
RIYQEY,0.25622
RIYYAC,0.05573
RIZHIS,0.7178
RIZKOD,0.16434
RODMEF,0.09064
RODQOS,0.14316
ROHHUT,0.22806
ROHJIJ,0.19511
ROHLAE,0.16942
ROHWIW,0.15966
ROHXEU,0.35564
ROKFAB,0.07819
ROKTIU,0.70976
ROKTOA,0.63521
ROLBAY,0.38998
ROLXIB,0.33519
ROPXIF,0.24511
ROSCUZ,0.41521
ROSLES,0.39382
ROWZEL,0.14153
ROYHEV,0.43529
ROYHUL,0.39542
ROZFIX,0.06617
ROZGAQ,0.08077
ROZGEU,0.06274
ROZGIY,0.06458
ROZGOE,0.05485
ROZGUK,0.06283
ROZHAR,0.07409
ROZHIZ,0.05397
ROZHOF,0.1236
RUBMIN,0.19616
RUDGOP,0.34922
RUDGUV,0.35186
RUGKAG,0.10504
RUHBAZ,0.30791
RUJDAE,0.30994
RUKGOT,0.28315
RULMIW,0.18119
RUMWAA,0.22775
RUNLEU,0.34017
RUNSOL,0.24682
RUQGES,0.07362
RUQGOC,0.07468
RUQGUI,0.07313
RUSRUV,0.26001
RUSWAE,0.43806
RUSZIR,0.21859
RUTNAX,0.22569
RUVHUN,0.29384
RUXCOF,0.22723
RUYVAI,0.38535
SABTIY,0.27311
SABTUK,0.21385
SAFXOO01,0.04733
SAGDOW,0.16846
SAGSAX,0.50199
SAGVOL,0.22769
SAGVUR,0.22742
SAGWAY,0.22925
SAHZEI,0.06444
SAHZIM,0.10794
SAJMOH,0.35791
SAJNAU,0.37635
SAJNEY,0.38086
SAJNIC,0.3819
SAJXOT,0.13823
SAJYEH,0.21572
SAKHIX,0.20057
SAKXIN,0.11076
SANROQ,0.04657
SAPDES01,0.22006
SAQQOT,0.25557
SASPAF,0.20437
SASPEJ,0.19734
SASPIN,0.19762
SAVGUS,0.71107
SAVGUT,0.12917
SAVHEE,0.14318
SAVHOO,0.12803
SAVHUU,0.23632
SAWDEZ,0.25351
SAXCOL,0.33641
SAYCOK,0.20406
SAYDAX,0.16406
SECPIC,0.20173
SECROK,0.23121
SEDJIW,0.21555
SEDLAO,0.31639
SEFPUQ,0.75656
SEFQAX,0.75781
SEFTOP,0.72411
SEHCAJ,0.43521
SEHLAV,0.19443
SEHLEZ,0.18796
SEJDUI,0.61044
SELRAD,0.3426
SELRUY,0.21144
SELWIS,0.21633
SENJAZ,0.57207
SENJED,0.40378
SENYAN,0.2446
SEQCUN,0.34513
SEQFAV,0.36703
SEQFEZ,0.1856
SERTAM,0.22543
SETBUR,0.64618
SETQIS,0.25571
SEWKEM,0.23265
SIDJIB,0.11376
SIDZEN,0.71302
SIFZEN,0.4573
SIGBEQ,0.47873
SIGFOG,0.18221
SIGFUM,0.17985
SIJTIP,0.644
SIKBEU,0.27549
SIKRAF,0.30782
SIKWOZ,0.38658
SILHEB,0.13783
SILQUZ,0.90809
SILSIQ,0.82069
SIQDED,0.79592
SIQXOG,0.45816
SIRDAA,0.27885
SIRRIX,0.17819
SIRROD,0.18613
SIVSUO,0.28475
SIVTAV,0.30228
SIXFEL,0.2972
SIXLES,0.68798
SIXPEU,0.54834
SIYHIU,0.10434
SOBFEU,0.60939
SOCGOI,0.17332
SOCHUP,0.21154
SOCJOM,0.76167
SOHKOP,0.1962
SOHLOQ,0.20047
SOHQIQ,0.13077
SOJSAO,0.04852
SOKMEL,0.46845
SOKMIP,0.86381
SOKMOV,0.41013
SOLJIP,0.05883
SOLJOV,0.05963
SOLPOY,0.53031
SOMTIA,0.055
SONBUS,0.71359
SOPGEL,0.27538
SOQMUI,0.3403
SOQPET,0.27311
SOVMEX,0.27094
SOXXIM,0.16018
SOYGIX,0.68211
SOYSOQ,0.07086
SOYSUW,0.04533
SUDZAU,0.21977
SUFTOF,0.16685
SUGSEV,0.22332
SUHLAI,0.15195
SUHVOI,0.06837
SUJHAI,0.04706
SUJHIQ,0.09623
SUJHOW,0.05528
SUJHUC,0.05072
SUJJAK,0.04774
SUJJIS,0.04837
SUJJOY,0.09767
SUJJUE,0.04588
SUJKIT,0.05511
SUJLEP,0.603
SUJLUF,0.08919
SUJQEW,0.09386
SUJZEC,0.17086
SUKCIN,0.29152
SUKDAE,0.40358
SUKROI,0.3293
SUKSAV,0.33268
SUKVUQ,0.41075
SULKAN,0.10159
SULKER,0.05765
SULKIV,0.05013
SULSID,0.64089
SUMTAX,0.07198
SUMTEB,0.04697
SUPZAH,0.11794
SUPZEL,0.12162
SUQLEW,0.66584
SURLID,0.08627
SURLOJ,0.09299
SURRAA,0.02987
SUVVOX,0.06081
SUVVUD,0.07013
SUWFUM,0.78982
SUWGAS,0.35877
SUWMIG03,0.22891
SUXJIE,0.45348
SUZCEX,0.68825
SUZJOO,0.30506
TADSAS,0.41336
TAGXOR,0.70352
TAGYOS,0.65072
TAGZAD,0.14949
TAKKOI,0.23459
TAMRAC,0.12444
TAPREJ,0.39294
TAPZOZ,0.16476
TAQHUQ,0.28353
TARFOK,0.42408
TARKAZ,0.57055
TASWIW,0.50739
TATDOI,0.14929
TAWNUB,0.62312
TAYBOK,0.3385
TAYHUX,0.70366
TAYQIW,0.23454
TAZXOI,0.95571
TBZPER,0.26904
TCNPQD,0.32962
TCYVMA,0.10046
TEGNOL,0.32111
TEHTUX01,0.45241
TEHWUZ,0.28807
TEJLID,0.29861
TEKLIG,0.34756
TELXEQ,0.39366
TENQIP,0.3518
TERPOW,0.40392
TERXAP,0.72624
TETMIR,0.22832
TETVOG,0.14758
TETVUM,0.14834
TETWAT,0.14719
TETWEX,0.14207
TEWGAE,0.22277
TEWGEI,0.31199
TEXREW,1.24267
TEXXEB,0.38295
TEYBEE,0.21318
TEYNUJ,0.14273
TIBWAD,0.75107
TIDGOD,0.60082
TIJQOT,0.12992
TIJZUJ,0.28051
TIKBAS,0.28871
TIMFUR,0.17614
TIMJIK,0.48141
TIMJOQ,0.71351
TIMQAJ,0.27942
TINXEU,0.31187
TIPMUD,0.13461
TIPNAK,0.12991
TIPTIW,0.38909
TIQTOE,0.30747
TITDUY,0.34425
TITFAG,0.35216
TITFEK,0.30873
TIXRIE,0.38999
TIXTUS,0.22794
TIYQIE,0.13518
TIYQOK,0.16784
TOBREJ,0.1261
TODWAM,0.25629
TODWER,0.17573
TOHFIF,0.1767
TONCOP,0.27508
TONRIY,0.27359
TOPGEK,0.47114
TOQXUV,0.4281
TORHUE,0.34221
TORSOL,0.36299
TORTEC,0.3891
TORVEE,0.34266
TOSVOM,0.36515
TOSWEF,0.04883
TOSXUW,0.2037
TOSYAD,0.20428
TOVPUS,0.33466
TOVQAZ,0.32771
TOXSUX,0.4362
TOYDIX,0.25679
TOYDOD,0.24243
TOZJAW,0.35841
TPBUTR10,0.35209
TPHPOL01,0.81195
TUDJAF,0.28853
TUDKUA,0.74526
TULQOJ,0.29322
TULQUP,0.32635
TULSAU,0.15167
TUMFOZ,0.42988
TUPZUA,0.75364
TURKOI,0.6043
TURWIP,0.07157
TURWOV,0.0555
TURYOW,0.25185
TUSGIZ,0.37275
TUSLIE,0.25374
TUSLOK,0.12285
TUSLUQ,0.33412
TUTMEC,0.61817
TUTMOM,0.62482
TUTVUC,0.05293
TUTWAJ,0.0626
TUWHEY,0.46785
TUWJAY,0.50892
TUXCUK,0.24702
TUYDEZ,0.05806
TUZNAF,0.28727
UBEQIE,0.18954
UBEQOK,0.18764
UBEQUQ,0.19578
UBERAX,0.19169
UBEREB,0.17984
UBERIF,0.19338
UBEROL,0.19292
UBERUR,0.18394
UBESAY01,0.18015
UBULOU,0.08079
UCEWIJ,0.74897
UCIGUK,0.32063
UCIHUL,0.25864
UDAQOG,0.35281
UDEYOT,0.15635
UDICIW,0.05765
UDIPEC,0.58603
UDIXEM,0.7459
UDUMEO,0.04601
UFIWUB,0.2621
UFUZIE,0.75141
UGOMIM,0.22516
UHIHAX,0.27724
UHIMAC,0.76654
UHUBII,0.10778
UHUBOO,0.10788
UHUBUU,0.11244
UJOCEC,0.49275
UJOCIG,0.39264
UKAJUN,0.17493
UKAVEJ,0.24887
UKIPEL,0.13502
UKIYIY,0.29501
ULAQOP,0.11249
ULIDUQ,0.20151
ULIFAY,0.19847
UMINUB,0.26324
UMISUG,0.2271
UMITER,0.54887
UMITIV,0.21287
UMITUG,0.27039
UMOLOZ,0.09966
UMOMAM,0.2251
UMOMEQ,0.10045
UMUKOE,0.19629
UMUKUK,0.23994
UMULAR,0.17827
UNEPUA,0.26356
UNUYIM,0.5419
UPAMII,0.44672
UPECAV,0.40733
UPECUP,0.40723
UPOMAP,0.33441
UQUFOD,0.36545
URANIM,0.41599
UREFIH,0.53654
UREFON,0.44323
UREVET,0.27695
URIDAC,0.16185
USANIN,0.35382
USEROB,0.17359
USURAD,0.69084
USUTAF,0.67028
UTEYAU,0.12483
UVAGUU,0.22854
UVEBUU,0.1605
UVECAB,0.1205
UVUBIY,0.29584
UWEVIC,0.62269
UWEVOI,0.36544
UWEWAV,0.1428
UWEWEZ,0.14164
UXAZIE,0.20396
UXAZOK,0.18363
UXETIB,0.73473
UXEXOM,0.29181
UXEYAZ,0.29298
UXUDAT,0.74623
UZAJOW,0.42921
UZARAP,0.10805
UZOZUG,0.57151
VABNAQ,0.27283
VACJUH,0.21124
VACKIT,0.25049
VADMAQ,0.44917
VAGPEZ,0.21643
VAGPID,0.22673
VAGRUR01,0.04574
VAGSAZ,0.73965
VAGWUW,0.71057
VAKWEK,0.25823
VANDEV,0.16038
VANKED,0.6429
VANMEF,0.78756
VASQOY,0.18312
VASTIU,0.36143
VASTOA,0.35721
VAVLOV,0.29385
VAWQAO,0.28927
VAZPAO,0.227
VECXIM,0.14791
VEDJAS,0.22392
VEGJIC,0.54792
VEGLEA,0.10447
VEHXIP,0.2045
VEHXOV,0.41156
VEKHOL,0.26254
VEMHED,0.63253
VENROX,0.29964
VENRUD,0.29793
VENSEO,0.30769
VEPFAA,0.27668
VEPGEE,0.43279
VERXIZ,0.11703
VESBEA,0.1177
VESBIE,0.11799
VESTUK,0.44672
VEWMES,0.77094
VEXWIF,0.19976
VEYRUM,0.36668
VICFUJ,0.60744
VIDDAQ,0.56412
VIDDOD,0.40114
VIDDUJ,0.40861
VIDFAR,0.42143
VIDFEV,0.37727
VIFYIT,0.09
VIFYOZ,0.14174
VIFZEQ,0.17135
VIFZIU,0.08311
VIHDOF,0.09182
VIJLAB,0.32819
VIKNIP,0.21693
VILMIM,0.33245
VINQER,0.27851
VINQIV,0.27552
VINTUH,0.1782
VINXEY,0.53311
VINXIC,0.74598
VINZAW,0.45892
VIPJEM,0.43603
VIQJAJ,0.31286
VIQJUD,0.30776
VISPET,0.14987
VIVQAV,0.21938
VIXVEG,0.28321
VIYNAV,0.27348
VIZGIX,0.39841
VIZLOF,0.31029
VIZQON,0.25259
VIZRUT,0.24228
VOBCEW,0.41838
VOBQUB,0.23229
VOBYES,0.24757
VOCPOV,0.40372
VODTIS,0.37316
VODVAM,0.30099
VODVEQ,0.24406
VOHQIV,0.24861
VOJLIP,0.2783
VOJQUI,0.4063
VOJWIC,0.28777
VOKBAA,0.18366
VOKQEU,0.38752
VOKRUK,0.17702
VOQLOD,0.28568
VORBEM,0.3885
VORNEY,0.27092
VOSNIA,0.3997
VOXLUS,0.26718
VOXVOV,0.28913
VOXVUB,0.28864
VOYDES,0.23688
VUBKEL,0.15833
VUBKIP,0.13426
VUDPIT,0.33893
VUDRIX,0.21952
VUJDUC,0.50145
VUMTIJ,0.30886
VUNTEG,0.23234
VUNTIK,0.41311
VUPMUR,0.25313
VUQWEL,0.18963
VUSDEU,0.29755
VUSHEY,0.22115
VUWJAB,0.28683
VUXJUW,0.35983
VUXKAD,0.47328
VUXKOR,0.3499
VUZMIM,0.29123
VUZVIW,0.29096
WABJIS,0.73045
WACROJ,0.41981
WADHAN,0.33192
WADJES,0.58519
WAHSED,0.25525
WAKDIW,0.3968
WALMON,0.20239
WALMUT,0.20186
WALYAM,0.10351
WALYIU,0.09711
WALYUG,0.08434
WAMZOC,0.28367
WAMZUI,0.29759
WANPAC,0.13405
WANTIR,0.34993
WAWBEC,0.46948
WAWSET,0.51447
WAXVOJ,0.40341
WAYQEV,0.22314
WEBFEO,0.60998
WEBKAP,0.22429
WEBKET,0.21898
WEBRIG,0.32628
WEDPED,0.42211
WEGVUC,0.6219
WELKEF,0.573
WEMWIX,0.041
WEMWOD,0.14185
WEPGUU04,0.04763
WESMOZ,0.30636
WEXQOG,0.1526
WIFSIO,0.28422
WIGPOT,0.09473
WIPBOO,0.34801
WIQJUD,0.7892
WIRMOC,0.16382
WISZUV,0.29057
WIVSUS,0.12811
WIXQAW,0.54926
WIYREC,0.1619
WIZMAU,0.11239
WOCFEB,0.43959
WOCRAI,0.38681
WODSEQ,0.20069
WODVUJ,0.70398
WOFQUG,0.04607
WOFSIW,0.08979
WOGNAK,0.29465
WOHBED,0.06267
WOHBON,0.06534
WOHDAY,0.22668
WOJBEE,0.1787
WOKPAO,0.29812
WOKPES,0.22977
WOKREW,0.06029
WOKRIA,0.05336
WOKTIA,0.21937
WOMBIL,0.22381
WOMQEX,0.10516
WOMQIB,0.10443
WOMSOJ,0.12454
WOQLOG,0.13342
WOQMEX,0.13474
WOQNUO,0.39276
WOQWIK,0.41044
WOQWOQ,0.34271
WORPAX,0.05721
WORPUR,0.05665
WORRAZ,0.06299
WORRED,0.06063
WORWOR,0.69738
WOSXAF01,0.3288
WOVRIL,0.07503
WOWMUQ,0.21876
WOXCEU,0.69351
WOYQAE,0.31427
WOYTIP,0.32926
WUCVEX,0.21285
WUDDAD,0.2398
WUDDEH,0.24048
WUFJIT,0.14193
WUFKIT,0.25569
WUFKUF,0.50977
WUHLOA,0.19605
WUHROJ,0.0891
WUMCUE,0.47142
WUMGOD,0.26775
WUMLUL,0.29251
WUPBAN,0.33953
WUPPEF,0.0457
WUQFIZ,0.36312
WUQFOF,0.42888
WURDEV,0.08988
WURYAL,1.21212
WUSFIC,0.24107
WUSKEB,0.43041
WUSRAE,0.19715
WUTCEU,0.2259
WUVTIS,0.05745
WUVTOY,0.04935
WUWWIW,0.37373
WUWWOC,0.35846
WUWXAP,0.37257
WUXCUN,0.72445
WUXLAF,0.20532
WUXMAF,0.35969
WUXMEJ,0.40015
WUZVOF,0.2708
XABSIF,0.04484
XACKIX01,0.31799
XACKOD,0.34176
XAJXOY,0.22512
XAKHUP,0.25072
XALNUT,0.34768
XAPRIQ,0.22648
XAPVIW,0.1326
XAPVOC,0.27804
XARHOO,0.35154
XASBIF,0.24073
XASQIU,0.21076
XASVAR,0.13221
XATFOO,0.27581
XATKEJ,0.24877
XATKIN,0.2393
XAVHIN,0.17107
XAWHOV,0.24957
XAWHUB,0.2579
XAWJAJ,0.25779
XAXQUL,0.46292
XAXVOJ,0.23802
XAXZED,0.30751
XAYBUW,0.70432
XAYCEH,0.53399
XAZCOR,0.23897
XEBRIG,0.38204
XEBROM,0.41635
XEFBIV,0.31825
XEFCUI,0.2903
XEGFAT,0.22875
XEHMOM02,0.22386
XEKXAP,0.1997
XELCEY,0.05519
XELCIC,0.04441
XELCOI,0.04982
XELCUO,0.04507
XELDAV,0.15118
XELNUY,0.41667
XEPTIX,0.44089
XEQXAT,0.4739
XESRET,0.42656
XESTAT,0.43321
XEVPAS,0.39629
XEVPUM,0.1237
XEVROI,0.15684
XEYNUN,0.20044
XEYPEZ,0.19458
XIBJOJ,0.33685
XIBJUP,0.31303
XICCIV,0.44532
XIDCAP01,0.13609
XIGCEY,0.21573
XIHHUU,0.12119
XIHLIJ,0.42692
XIKWAS,0.24603
XIPQIX,0.38751
XIQGOW,0.09575
XIQHEN,0.22139
XIQMUI,0.23606
XISJAM,0.20612
XITZEG,0.2556
XITZOQ,0.25873
XIWZUZ,0.24597
XIXBAI,0.24609
XIXVOS,0.18299
XIXVUY,0.20808
XIYFAP,0.05068
XIYFET,0.06054
XIYFIX,0.05907
XOCBUN,0.37502
XODBOJ,0.33704
XODBUP,0.37904
XODFAX,0.22521
XOGDIH,0.40531
XOGDUT01,0.05974
XOGMEO,0.32381
XOHHEK,0.25541
XOKDOQ,0.40109
XOLPIA,0.24909
XOLQAT,0.18485
XONREA,0.05832
XONVIG,0.24937
XOPWUX,0.34652
XOPXUV,0.23182
XOPYIL,0.33087
XOPYOR,0.29816
XORNUO,0.19027
XOSCAM,0.11835
XOSCIU,0.17826
XOSCOA,0.26323
XOTHIZ,0.58006
XOWDAQ,0.23827
XOYBUL,0.12522
XUBYUR,0.30082
XUCJIQ,0.25485
XUDJOY,0.36869
XUDNUI,0.35451
XUFHAJ,1.04354
XUJLIX,0.2924
XUKLUM,0.05354
XUPKOI,0.09539
XUQNEC,0.28277
XUQVOX,0.05489
XURMAA,0.20412
XURMEE,0.19732
XUTKAB,0.10547
XUTKEF,0.07388
XUVLOQ,0.27111
XUWBEW,0.19597
XUWBIA,0.18861
XUWTOB,0.28043
XUYYOH,0.57001
XUYYUN,0.2881
YABBEL,0.39512
YACQUO,0.29476
YADWAC,0.09797
YAGBUG,0.55887
YAJSOU,0.23319
YAPGIH,0.20366
YAQWUL,0.07736
YASWIB,0.27063
YATNIT,0.19874
YATNOZ,0.21037
YATWOI,0.23365
YAXDAC,0.75453
YAXPIZ,0.31917
YAXXON,0.26203
YAYHAJ,0.40224
YEBQON,0.68201
YEFFAR,0.38441
YEFHAT,0.43103
YEGZIU,0.12548
YEGZOC,0.23491
YEGZUI,0.238
YEHJAW,0.74798
YEHYIW,0.10518
YEKVUI,0.24295
YEPHUZ,0.23966
YERWUO,0.71867
YESBEG,0.46495
YEWHAM,0.39356
YEWHEQ,0.4068
YEWHIU,0.41462
YEWHOA,0.37622
YEWKET,0.07918
YEWLIY,0.31644
YEXJER,0.05119
YEXRAV,0.25279
YEYVED,0.1421
YICNIH,0.21493
YIDLEE,0.26312
YIFRUB,0.22856
YIGDUQ,0.40572
YIHDID,0.22023
YIJFED,0.14101
YILZEA,0.04794
YIMYIE,0.29155
YIPBIL,0.21154
YIPPAP,0.28709
YIPPET,0.45367
YIPXON,0.32625
YIVBUB,0.32665
YIWFIV,0.04597
YIWMAU,0.23249
YIXPUR01,0.31792
YIZCUI,0.32575
YIZPIJ,1.1432
YIZVAH,0.04928
YOBCAW,0.20923
YOBXIY,0.17148
YOCCIF,0.40067
YOCDAY,0.45635
YOCDEC,0.4281
YOCPOY,0.28064
YOCPUE,0.24395
YOCSOZ,0.0789
YODFIJ,0.26534
YOGWIC,0.15647
YOKVOL,0.19322
YOLBEJ,0.46673
YOLQAR,0.29111
YOLQEV,0.2387
YOMQOH,0.29037
YOPHUH,0.18685
YOPJAP,0.18235
YOPJET,0.21839
YORBUC,0.57109
YOWYOY03,0.12126
YOWZIW,0.38296
YOXTEN,0.04607
YUBGEK,0.27592
YUBGIO,0.05382
YUBNER,0.45473
YUCQAR,0.55508
YUCQEV,0.49041
YUFRAT01,0.29586
YUGJES,0.4623
YUHCUB,0.36149
YUJNOJ,0.41688
YUJQAX,0.6713
YULGUJ,0.36208
YUNXUD,0.25832
YUNZIT,0.34739
YUQNOQ,0.40092
YURCEW,0.33511
YURHAV,0.15834
YURTAJ,0.15043
YUSREM,0.38935
YUSRIQ,0.42107
YUSZAQ,0.21735
YUZLOW,0.14917
ZACBOX,0.25275
ZACBUD,0.25033
ZACCAH,0.30314
ZACCAK,0.25785
ZACCEO,0.26527
ZAHDAQ,0.44053
ZAPFII,0.09581
ZAVJEO,0.32337
ZAWVUR,0.33876
ZAXWED,0.74584
ZAYNIW,0.29838
ZEDJOJ,0.62841
ZEDJUP,0.62571
ZEFWIQ01,0.59675
ZEGNOQ,0.26834
ZEKMOT,0.35567
ZEKMUZ,0.36855
ZENTOB,0.40288
ZENXUL,0.59999
ZEYSUT,0.91898
ZIBPIM,0.22764
ZIFGIG,0.04806
ZIHVIY,0.2141
ZIHWAR,0.26541
ZIJNIR,0.1135
ZILDOQ,0.46855
ZILLUE,0.43361
ZIPWIE,0.24464
ZIRJUI,0.16846
ZIXDEP,0.23616
ZIXDOZ,0.20046
ZIZNEB,0.30012
ZOGZAY,0.7294
ZOJQEX,0.08953
ZOJSOJ,0.42982
ZOKGOY,0.20503
ZOMMEW,0.10972
ZOMMIA,0.12443
ZONZUZ,0.18444
ZOTVAH,0.29712
ZOYRUD,0.25156
ZOZPEL,0.30147
ZOZTOX01,0.11707
ZUBSAT,0.2981
ZUCDEJ,0.27291
ZUCDIN,0.27
ZUCGEL,0.13232
ZUCMAN,0.27299
ZUFWUV,0.14831
ZUGCUC,0.07072
ZUGFAL,0.22474
ZUHWUX,0.18294
ZUHXAE,0.1816
ZUHXEI,0.1813
ZUJCAL,0.08316
ZUJCEP,0.08822
ZUJSEF,0.63605
ZULDIV,0.2157
ZULDUH,0.20553
ZUMHAT,0.33372
ZUNDEU,0.07616
ZUNDIY,0.04479
ZUPDIZ,0.36229
ZUQBAR,0.21644
ZUSWAN,0.08769
ZUSXEQ,1.57836
ZUSXES,0.25079
ZUSXIU,0.42078
ZUTDEZ,0.47423
ZUWDAZ,0.10949
ZUWDED,0.11876
ZUWDIH,0.1172
ZUWDON,0.08466
ZUWDUT,0.17036
ZUWFIJ,0.06511
ZUWMAH,0.19607
ZUYQES,0.31694
ZUZWIA,0.49481
ZZZAHV10,0.23801
